Unit of output:
,,distance=,miles
,,speed=,mph
,,energy=,1000 joule
,,CO2,NOX,CO,HC=,g
 , , , , , , ,network, , , , , , , , , , , ,driving, , , , , , , , , , , ,P R, , , , , , , , , , , ,transit, , , , , , , , , , , ,passenger_car, , , , , , , , , , , ,passenger_truck, , , , , , , , , , , ,light_commercial-truck, , , , , , , , , , , ,single_unit_long-haul_truck, , , , , , , , , , , ,combination_long-haul_truck, , , , , , , , , , , ,OD1, , , , , , , , , , , ,OD2, , , , , , , , , , , ,link_48_41_ NB freeway, , , , , , , , , , , , , , , , , , ,link_39_44_NB freeway, , , , , , , , , , , , , , , , , , ,link_48_41_SB freeway, , , , , , , , , , , , , , , , , , ,link_39_44_ SB freeway, , , , , , , , , , , , , , , , , , ,"Path1_Major freeway route, which carries a lot of the damand", , , , , , , , , , , ,"Path2_Major freeway route, which carries a lot of the damand", , , , , , , , , , , ,Path3_Major arterial route, , , , , , , , , , , ,Path4_Major arterial route, , , , , , , , , , , ,for all demand types, , , , , , , , , , , ,critical link list, , , , , , , , , , , , , , , , , , ,critical OD list, , , , , , , , , , , ,
scenario_no,demand_multiplier,scenario_name,scenario_data,number_of_assignment_days,day_no,traffic_flow_model,#_of_vehicles_network,percentage_network,avg_distance_network,avg_travel_time(min)_network,avg_speed_network,avg_toll_cost_network,avg_energy_network,avg_CO2_network,avg_NOX_network,avg_CO_network,avg_HC_network,avg_MilesPerGallon_network,#_of_vehicles_driving,percentage_driving,avg_distance_driving,avg_travel_time(min)_driving,avg_speed_driving,avg_toll_cost_driving,avg_energy_driving,avg_CO2_driving,avg_NOX_driving,avg_CO_driving,avg_HC_driving,avg_MilesPerGallon_driving,#_of_vehicles_P R,percentage_P R,avg_distance_P R,avg_travel_time(min)_P R,avg_speed_P R,avg_toll_cost_P R,avg_energy_P R,avg_CO2_P R,avg_NOX_P R,avg_CO_P R,avg_HC_P R,avg_MilesPerGallon_P R,#_of_vehicles_transit,percentage_transit,avg_distance_transit,avg_travel_time(min)_transit,avg_speed_transit,avg_toll_cost_transit,avg_energy_transit,avg_CO2_transit,avg_NOX_transit,avg_CO_transit,avg_HC_transit,avg_MilesPerGallon_transit,#_of_vehicles_passenger_car,percentage_passenger_car,avg_distance_passenger_car,avg_travel_time(min)_passenger_car,avg_speed_passenger_car,avg_toll_cost_passenger_car,avg_energy_passenger_car,avg_CO2_passenger_car,avg_NOX_passenger_car,avg_CO_passenger_car,avg_HC_passenger_car,avg_MilesPerGallon_passenger_car,#_of_vehicles_passenger_truck,percentage_passenger_truck,avg_distance_passenger_truck,avg_travel_time(min)_passenger_truck,avg_speed_passenger_truck,avg_toll_cost_passenger_truck,avg_energy_passenger_truck,avg_CO2_passenger_truck,avg_NOX_passenger_truck,avg_CO_passenger_truck,avg_HC_passenger_truck,avg_MilesPerGallon_passenger_truck,#_of_vehicles_light_commercial-truck,percentage_light_commercial-truck,avg_distance_light_commercial-truck,avg_travel_time(min)_light_commercial-truck,avg_speed_light_commercial-truck,avg_toll_cost_light_commercial-truck,avg_energy_light_commercial-truck,avg_CO2_light_commercial-truck,avg_NOX_light_commercial-truck,avg_CO_light_commercial-truck,avg_HC_light_commercial-truck,avg_MilesPerGallon_light_commercial-truck,#_of_vehicles_single_unit_long-haul_truck,percentage_single_unit_long-haul_truck,avg_distance_single_unit_long-haul_truck,avg_travel_time(min)_single_unit_long-haul_truck,avg_speed_single_unit_long-haul_truck,avg_toll_cost_single_unit_long-haul_truck,avg_energy_single_unit_long-haul_truck,avg_CO2_single_unit_long-haul_truck,avg_NOX_single_unit_long-haul_truck,avg_CO_single_unit_long-haul_truck,avg_HC_single_unit_long-haul_truck,avg_MilesPerGallon_single_unit_long-haul_truck,#_of_vehicles_combination_long-haul_truck,percentage_combination_long-haul_truck,avg_distance_combination_long-haul_truck,avg_travel_time(min)_combination_long-haul_truck,avg_speed_combination_long-haul_truck,avg_toll_cost_combination_long-haul_truck,avg_energy_combination_long-haul_truck,avg_CO2_combination_long-haul_truck,avg_NOX_combination_long-haul_truck,avg_CO_combination_long-haul_truck,avg_HC_combination_long-haul_truck,avg_MilesPerGallon_combination_long-haul_truck,#_of_vehicles_OD1,percentage_OD1,avg_distance_OD1,avg_travel_time(min)_OD1,avg_speed_OD1,avg_toll_cost_OD1,avg_energy_OD1,avg_CO2_OD1,avg_NOX_OD1,avg_CO_OD1,avg_HC_OD1,avg_MilesPerGallon_OD1,#_of_vehicles_OD2,percentage_OD2,avg_distance_OD2,avg_travel_time(min)_OD2,avg_speed_OD2,avg_toll_cost_OD2,avg_energy_OD2,avg_CO2_OD2,avg_NOX_OD2,avg_CO_OD2,avg_HC_OD2,avg_MilesPerGallon_OD2,#_of_vehicles_link_48_41_ NB freeway,percentage_link_48_41_ NB freeway,avg_distance_link_48_41_ NB freeway,avg_travel_time(min)_link_48_41_ NB freeway,avg_speed_link_48_41_ NB freeway,avg_toll_cost_link_48_41_ NB freeway,avg_energy_link_48_41_ NB freeway,avg_CO2_link_48_41_ NB freeway,avg_NOX_link_48_41_ NB freeway,avg_CO_link_48_41_ NB freeway,avg_HC_link_48_41_ NB freeway,avg_MilesPerGallon_link_48_41_ NB freeway,SOV_volumelink_48_41_ NB freeway,HOV_volumelink_48_41_ NB freeway,Truck_volumelink_48_41_ NB freeway,Intermodal_volumelink_48_41_ NB freeway,number_of_crashes_per_yearlink_48_41_ NB freeway,number_of_fatal_and_injury_crashes_per_yearlink_48_41_ NB freeway,number_of_property_damage_only_crashes_per_yearlink_48_41_ NB freeway,#_of_vehicles_link_39_44_NB freeway,percentage_link_39_44_NB freeway,avg_distance_link_39_44_NB freeway,avg_travel_time(min)_link_39_44_NB freeway,avg_speed_link_39_44_NB freeway,avg_toll_cost_link_39_44_NB freeway,avg_energy_link_39_44_NB freeway,avg_CO2_link_39_44_NB freeway,avg_NOX_link_39_44_NB freeway,avg_CO_link_39_44_NB freeway,avg_HC_link_39_44_NB freeway,avg_MilesPerGallon_link_39_44_NB freeway,SOV_volumelink_39_44_NB freeway,HOV_volumelink_39_44_NB freeway,Truck_volumelink_39_44_NB freeway,Intermodal_volumelink_39_44_NB freeway,number_of_crashes_per_yearlink_39_44_NB freeway,number_of_fatal_and_injury_crashes_per_yearlink_39_44_NB freeway,number_of_property_damage_only_crashes_per_yearlink_39_44_NB freeway,#_of_vehicles_link_48_41_SB freeway,percentage_link_48_41_SB freeway,avg_distance_link_48_41_SB freeway,avg_travel_time(min)_link_48_41_SB freeway,avg_speed_link_48_41_SB freeway,avg_toll_cost_link_48_41_SB freeway,avg_energy_link_48_41_SB freeway,avg_CO2_link_48_41_SB freeway,avg_NOX_link_48_41_SB freeway,avg_CO_link_48_41_SB freeway,avg_HC_link_48_41_SB freeway,avg_MilesPerGallon_link_48_41_SB freeway,SOV_volumelink_48_41_SB freeway,HOV_volumelink_48_41_SB freeway,Truck_volumelink_48_41_SB freeway,Intermodal_volumelink_48_41_SB freeway,number_of_crashes_per_yearlink_48_41_SB freeway,number_of_fatal_and_injury_crashes_per_yearlink_48_41_SB freeway,number_of_property_damage_only_crashes_per_yearlink_48_41_SB freeway,#_of_vehicles_link_39_44_ SB freeway,percentage_link_39_44_ SB freeway,avg_distance_link_39_44_ SB freeway,avg_travel_time(min)_link_39_44_ SB freeway,avg_speed_link_39_44_ SB freeway,avg_toll_cost_link_39_44_ SB freeway,avg_energy_link_39_44_ SB freeway,avg_CO2_link_39_44_ SB freeway,avg_NOX_link_39_44_ SB freeway,avg_CO_link_39_44_ SB freeway,avg_HC_link_39_44_ SB freeway,avg_MilesPerGallon_link_39_44_ SB freeway,SOV_volumelink_39_44_ SB freeway,HOV_volumelink_39_44_ SB freeway,Truck_volumelink_39_44_ SB freeway,Intermodal_volumelink_39_44_ SB freeway,number_of_crashes_per_yearlink_39_44_ SB freeway,number_of_fatal_and_injury_crashes_per_yearlink_39_44_ SB freeway,number_of_property_damage_only_crashes_per_yearlink_39_44_ SB freeway,#_of_vehicles_"Path1_Major freeway route, which carries a lot of the damand",percentage_"Path1_Major freeway route, which carries a lot of the damand",avg_distance_"Path1_Major freeway route, which carries a lot of the damand",avg_travel_time(min)_"Path1_Major freeway route, which carries a lot of the damand",avg_speed_"Path1_Major freeway route, which carries a lot of the damand",avg_toll_cost_"Path1_Major freeway route, which carries a lot of the damand",avg_energy_"Path1_Major freeway route, which carries a lot of the damand",avg_CO2_"Path1_Major freeway route, which carries a lot of the damand",avg_NOX_"Path1_Major freeway route, which carries a lot of the damand",avg_CO_"Path1_Major freeway route, which carries a lot of the damand",avg_HC_"Path1_Major freeway route, which carries a lot of the damand",avg_MilesPerGallon_"Path1_Major freeway route, which carries a lot of the damand",#_of_vehicles_"Path2_Major freeway route, which carries a lot of the damand",percentage_"Path2_Major freeway route, which carries a lot of the damand",avg_distance_"Path2_Major freeway route, which carries a lot of the damand",avg_travel_time(min)_"Path2_Major freeway route, which carries a lot of the damand",avg_speed_"Path2_Major freeway route, which carries a lot of the damand",avg_toll_cost_"Path2_Major freeway route, which carries a lot of the damand",avg_energy_"Path2_Major freeway route, which carries a lot of the damand",avg_CO2_"Path2_Major freeway route, which carries a lot of the damand",avg_NOX_"Path2_Major freeway route, which carries a lot of the damand",avg_CO_"Path2_Major freeway route, which carries a lot of the damand",avg_HC_"Path2_Major freeway route, which carries a lot of the damand",avg_MilesPerGallon_"Path2_Major freeway route, which carries a lot of the damand",#_of_vehicles_Path3_Major arterial route,percentage_Path3_Major arterial route,avg_distance_Path3_Major arterial route,avg_travel_time(min)_Path3_Major arterial route,avg_speed_Path3_Major arterial route,avg_toll_cost_Path3_Major arterial route,avg_energy_Path3_Major arterial route,avg_CO2_Path3_Major arterial route,avg_NOX_Path3_Major arterial route,avg_CO_Path3_Major arterial route,avg_HC_Path3_Major arterial route,avg_MilesPerGallon_Path3_Major arterial route,#_of_vehicles_Path4_Major arterial route,percentage_Path4_Major arterial route,avg_distance_Path4_Major arterial route,avg_travel_time(min)_Path4_Major arterial route,avg_speed_Path4_Major arterial route,avg_toll_cost_Path4_Major arterial route,avg_energy_Path4_Major arterial route,avg_CO2_Path4_Major arterial route,avg_NOX_Path4_Major arterial route,avg_CO_Path4_Major arterial route,avg_HC_Path4_Major arterial route,avg_MilesPerGallon_Path4_Major arterial route,#_of_vehicles_for all demand types,percentage_for all demand types,avg_distance_for all demand types,avg_travel_time(min)_for all demand types,avg_speed_for all demand types,avg_toll_cost_for all demand types,avg_energy_for all demand types,avg_CO2_for all demand types,avg_NOX_for all demand types,avg_CO_for all demand types,avg_HC_for all demand types,avg_MilesPerGallon_for all demand types,#_of_vehicles_critical link list,percentage_critical link list,avg_distance_critical link list,avg_travel_time(min)_critical link list,avg_speed_critical link list,avg_toll_cost_critical link list,avg_energy_critical link list,avg_CO2_critical link list,avg_NOX_critical link list,avg_CO_critical link list,avg_HC_critical link list,avg_MilesPerGallon_critical link list,SOV_volumecritical link list,HOV_volumecritical link list,Truck_volumecritical link list,Intermodal_volumecritical link list,number_of_crashes_per_yearcritical link list,number_of_fatal_and_injury_crashes_per_yearcritical link list,number_of_property_damage_only_crashes_per_yearcritical link list,#_of_vehicles_critical OD list,percentage_critical OD list,avg_distance_critical OD list,avg_travel_time(min)_critical OD list,avg_speed_critical OD list,avg_toll_cost_critical OD list,avg_energy_critical OD list,avg_CO2_critical OD list,avg_NOX_critical OD list,avg_CO_critical OD list,avg_HC_critical OD list,avg_MilesPerGallon_critical OD list,
