section,key,value,required_or_optional,allowed_values,notes
file_name,node,node_layer.shp,desired,,if no node layer is provided
file_name,link,link_layer.shp,required,,this is the required data layer 
configuration,with_decimal_long_lat,yes,,yes;no,
node,node_id,ID,required when node file is provided,,
node,name,,,,for display only
node,TAZ,ID,desired,,if no TAZ id is provided
node,control_type,,,,used only when users have signal control type already
link,from_node_id,,desired,,if from_node_id is empty
link,to_node_id,,desired,,if to_node_id is empty
link,name,,,,for display only
link,link_id,ID,,,used for integrating sensor data
link,link_type,FUNC_CL,,,default value = 1
link,mode_code,,,,reserved for transit modeling
link,direction,DIR,,,two comments here: if direction field is not available
link,length,LENGTH,desired,,if data is available
link,number_of_lanes,AB_LANES,desired,,users can specify use_default_number_of_lanes_from_link_type based on link type
link,hourly_capacity,AB_DYCAP,desired,,users can specify use_default_lane_capacity_from_link_type based on link type
link,speed_limit,AB_FFS,desired,,users can specify use_default_speed_limit_from_link_type based on link type
link,r_number_of_lanes,BA_LANES,,,used only when data for reserved links are given
link,r_hourly_capacity,BA_DYCAP,,,
link,r_speed_limit,BA_FFS,,,
link,r_link_type,,,,
configuration,number_of_lanes_oneway_vs_twoway,oneway,,oneway;twoway,
configuration,lane_capacity_vs_link_capacity,link,,lane;link,
configuration,multiplier_for_obtaining_hourly_capacity,0.1,,,
configuration,direction_0_as_oneway_vs_twoway,twoway,,oneway;twoway,
configuration,default_link_direction,oneway,,oneway;twoway,
configuration,node_number_threshold_as_centroid,0,,default 0,
configuration,use_default_speed_limit_from_link_type,no,,yes;no,
configuration,use_default_lane_capacity_from_link_type,no,,yes;no,
configuration,use_default_number_of_lanes_from_link_type,no,,yes;no,
configuration,identify_from_node_id_and_to_node_id_based_on_geometry,yes,,yes;no,
configuration,minimum_length_for_importing_links,0.00001,,,
[movement],,,,,
prohibit_non_specified_movement_on_freeway_and_ramp=1.00000
hide_non_specified_movement_on_freeway_and_ramp=1.00000
