agent_id,tour_id,dependency_agent_id,duration_in_min,following_agent_id,from_zone_id, to_zone_id, from_origin_node_id, to_destination_node_id, departure_time_in_min, arrival_time_in_min, complete_flag, travel_time_in_min, demand_type, vehicle_type, PCE, information_type, value_of_time, toll_cost, distance, TotalEnergy_(KJ), CO2_(g), NOX_(g), CO_(g), HC_(g), PM_(g), PM_2.5(g),vehicle_age,number_of_nodes,path_node_sequence,org_path_node_sequence,path_time_sequence,origin_node_x,origin_node_y,destination_node_x,destination_node_y,
0,-1,-1,-1,-1,1,2,1,2,840.15,886.20,c,46.05,1,1,1.00,1,10.00,0.000,46.000,0.000000,0.000000,0.000000,49370.210938,0.000000,0.000000,0.000000,15,3,1;4;2;,,840.10;885.15;886.20;,0.017882,-0.125179,40.253933,0.053648,
1,-1,-1,-1,-1,1,2,1,2,840.30,886.80,c,46.50,1,1,1.00,1,10.00,0.000,46.000,0.000000,0.000000,0.000000,49561.472656,0.000000,0.000000,0.000000,15,3,1;4;2;,,840.20;885.30;886.80;,0.017882,-0.125179,40.253933,0.053648,
2,-1,-1,-1,-1,1,2,1,2,840.45,886.70,c,46.25,1,1,1.00,1,10.00,0.000,46.000,0.000000,0.000000,0.000000,49455.472656,0.000000,0.000000,0.000000,5,3,1;3;2;,,840.40;841.70;886.70;,0.017882,-0.125179,40.253933,0.053648,
3,-1,-1,-1,-1,1,2,1,2,840.60,887.30,c,46.70,1,1,1.00,1,10.00,0.000,46.000,0.000000,0.000000,0.000000,49646.734375,0.000000,0.000000,0.000000,0,3,1;3;2;,,840.50;842.30;887.30;,0.017882,-0.125179,40.253933,0.053648,
4,-1,-1,-1,-1,1,2,1,2,840.75,887.40,c,46.65,1,1,1.00,1,10.00,0.000,46.000,0.000000,0.000000,0.000000,49625.683594,0.000000,0.000000,0.000000,10,3,1;4;2;,,840.70;885.75;887.40;,0.017882,-0.125179,40.253933,0.053648,
5,-1,-1,-1,-1,1,2,1,2,840.90,888.00,c,47.10,1,1,1.00,1,10.00,0.000,46.000,0.000000,0.000000,0.000000,49816.941406,0.000000,0.000000,0.000000,10,3,1;4;2;,,840.80;885.90;888.00;,0.017882,-0.125179,40.253933,0.053648,
6,-1,-1,-1,-1,1,2,1,2,841.05,888.00,c,46.95,1,1,1.00,1,10.00,0.000,46.000,0.000000,0.000000,0.000000,49753.406250,0.000000,0.000000,0.000000,10,3,1;3;2;,,841.00;843.00;888.00;,0.017882,-0.125179,40.253933,0.053648,
7,-1,-1,-1,-1,1,2,1,2,841.20,888.60,c,47.40,1,1,1.00,1,10.00,0.000,46.000,0.000000,0.000000,0.000000,49944.664063,0.000000,0.000000,0.000000,0,3,1;3;2;,,841.10;843.60;888.60;,0.017882,-0.125179,40.253933,0.053648,
8,-1,-1,-1,-1,1,2,1,2,841.35,888.60,c,47.25,1,1,1.00,1,10.00,0.000,46.000,0.000000,0.000000,0.000000,49881.128906,0.000000,0.000000,0.000000,15,3,1;4;2;,,841.30;886.35;888.60;,0.017882,-0.125179,40.253933,0.053648,
9,-1,-1,-1,-1,1,2,1,2,841.50,889.20,c,47.70,1,1,1.00,1,10.00,0.000,46.000,0.000000,0.000000,0.000000,50072.414063,0.000000,0.000000,0.000000,0,3,1;4;2;,,841.40;886.50;889.20;,0.017882,-0.125179,40.253933,0.053648,
10,-1,-1,-1,-1,1,2,1,2,841.65,889.20,c,47.55,1,1,1.00,1,10.00,0.000,46.000,0.000000,0.000000,0.000000,50008.875000,0.000000,0.000000,0.000000,5,3,1;3;2;,,841.60;844.20;889.20;,0.017882,-0.125179,40.253933,0.053648,
11,-1,-1,-1,-1,1,2,1,2,841.80,889.80,c,48.00,1,1,1.00,1,10.00,0.000,46.000,0.000000,0.000000,0.000000,50200.136719,0.000000,0.000000,0.000000,10,3,1;3;2;,,841.70;844.80;889.80;,0.017882,-0.125179,40.253933,0.053648,
12,-1,-1,-1,-1,1,2,1,2,841.95,889.80,c,47.85,1,1,1.00,1,10.00,0.000,46.000,0.000000,0.000000,0.000000,50136.597656,0.000000,0.000000,0.000000,10,3,1;4;2;,,841.90;886.95;889.80;,0.017882,-0.125179,40.253933,0.053648,
13,-1,-1,-1,-1,1,2,1,2,842.09,890.40,c,48.31,1,1,1.00,1,10.00,0.000,46.000,0.000000,0.000000,0.000000,50327.882813,0.000000,0.000000,0.000000,5,3,1;4;2;,,842.00;887.09;890.40;,0.017882,-0.125179,40.253933,0.053648,
14,-1,-1,-1,-1,1,2,1,2,842.24,890.40,c,48.16,1,1,1.00,1,10.00,0.000,46.000,0.000000,0.000000,0.000000,50264.347656,0.000000,0.000000,0.000000,0,3,1;3;2;,,842.20;845.40;890.40;,0.017882,-0.125179,40.253933,0.053648,
15,-1,-1,-1,-1,1,2,1,2,842.39,890.90,c,48.51,1,1,1.00,1,10.00,0.000,46.000,0.000000,0.000000,0.000000,50413.144531,0.000000,0.000000,0.000000,10,3,1;3;2;,,842.30;845.90;890.90;,0.017882,-0.125179,40.253933,0.053648,
16,-1,-1,-1,-1,1,2,1,2,842.54,891.00,c,48.46,1,1,1.00,1,10.00,0.000,46.000,0.000000,0.000000,0.000000,50392.070313,0.000000,0.000000,0.000000,15,3,1;4;2;,,842.50;887.54;891.00;,0.017882,-0.125179,40.253933,0.053648,
17,-1,-1,-1,-1,1,2,1,2,842.69,891.50,c,48.81,1,1,1.00,1,10.00,0.000,46.000,0.000000,0.000000,0.000000,50540.890625,0.000000,0.000000,0.000000,5,3,1;3;2;,,842.60;846.50;891.50;,0.017882,-0.125179,40.253933,0.053648,
18,-1,-1,-1,-1,1,2,1,2,842.84,892.10,c,49.26,1,1,1.00,1,10.00,0.000,46.000,0.000000,0.000000,0.000000,50732.152344,0.000000,0.000000,0.000000,10,3,1;3;2;,,842.80;847.10;892.10;,0.017882,-0.125179,40.253933,0.053648,
19,-1,-1,-1,-1,1,2,1,2,842.99,891.60,c,48.61,1,1,1.00,1,10.00,0.000,46.000,0.000000,0.000000,0.000000,50456.253906,0.000000,0.000000,0.000000,0,3,1;4;2;,,842.90;887.99;891.60;,0.017882,-0.125179,40.253933,0.053648,
20,-1,-1,-1,-1,1,2,1,2,843.14,892.20,c,49.06,1,1,1.00,1,10.00,0.000,46.000,0.000000,0.000000,0.000000,50647.539063,0.000000,0.000000,0.000000,5,3,1;4;2;,,843.10;888.14;892.20;,0.017882,-0.125179,40.253933,0.053648,
21,-1,-1,-1,-1,1,2,1,2,843.29,892.70,c,49.41,1,1,1.00,1,10.00,0.000,46.000,0.000000,0.000000,0.000000,50796.363281,0.000000,0.000000,0.000000,5,3,1;3;2;,,843.20;847.70;892.70;,0.017882,-0.125179,40.253933,0.053648,
22,-1,-1,-1,-1,1,2,1,2,843.44,893.30,c,49.86,1,1,1.00,1,10.00,0.000,46.000,0.000000,0.000000,0.000000,50987.621094,0.000000,0.000000,0.000000,5,3,1;3;2;,,843.40;848.30;893.30;,0.017882,-0.125179,40.253933,0.053648,
23,-1,-1,-1,-1,1,2,1,2,843.59,892.80,c,49.21,1,1,1.00,1,10.00,0.000,46.000,0.000000,0.000000,0.000000,50711.726563,0.000000,0.000000,0.000000,5,3,1;4;2;,,843.50;888.59;892.80;,0.017882,-0.125179,40.253933,0.053648,
24,-1,-1,-1,-1,1,2,1,2,843.74,893.40,c,49.66,1,1,1.00,1,10.00,0.000,46.000,0.000000,0.000000,0.000000,50903.011719,0.000000,0.000000,0.000000,10,3,1;4;2;,,843.70;888.74;893.40;,0.017882,-0.125179,40.253933,0.053648,
25,-1,-1,-1,-1,1,2,1,2,843.89,893.90,c,50.01,1,1,1.00,1,10.00,0.000,46.000,0.000000,0.000000,0.000000,51051.832031,0.000000,0.000000,0.000000,5,3,1;3;2;,,843.80;848.90;893.90;,0.017882,-0.125179,40.253933,0.053648,
26,-1,-1,-1,-1,1,2,1,2,844.04,894.50,c,50.46,1,1,1.00,1,10.00,0.000,46.000,0.000000,0.000000,0.000000,51243.093750,0.000000,0.000000,0.000000,10,3,1;3;2;,,844.00;849.50;894.50;,0.017882,-0.125179,40.253933,0.053648,
27,-1,-1,-1,-1,1,2,1,2,844.19,894.00,c,49.81,1,1,1.00,1,10.00,0.000,46.000,0.000000,0.000000,0.000000,50967.195313,0.000000,0.000000,0.000000,5,3,1;4;2;,,844.10;889.19;894.00;,0.017882,-0.125179,40.253933,0.053648,
28,-1,-1,-1,-1,1,2,1,2,844.34,894.60,c,50.26,1,1,1.00,1,10.00,0.000,46.000,0.000000,0.000000,0.000000,51158.453125,0.000000,0.000000,0.000000,5,3,1;4;2;,,844.30;889.34;894.60;,0.017882,-0.125179,40.253933,0.053648,
29,-1,-1,-1,-1,1,2,1,2,844.49,895.10,c,50.61,1,1,1.00,1,10.00,0.000,46.000,0.000000,0.000000,0.000000,51307.277344,0.000000,0.000000,0.000000,10,3,1;3;2;,,844.40;850.10;895.10;,0.017882,-0.125179,40.253933,0.053648,
30,-1,-1,-1,-1,1,2,1,2,844.64,895.70,c,51.06,1,1,1.00,1,10.00,0.000,46.000,0.000000,0.000000,0.000000,51498.562500,0.000000,0.000000,0.000000,15,3,1;3;2;,,844.60;850.70;895.70;,0.017882,-0.125179,40.253933,0.053648,
31,-1,-1,-1,-1,1,2,1,2,844.79,895.20,c,50.41,1,1,1.00,1,10.00,0.000,46.000,0.000000,0.000000,0.000000,51222.664063,0.000000,0.000000,0.000000,10,3,1;4;2;,,844.70;889.79;895.20;,0.017882,-0.125179,40.253933,0.053648,
32,-1,-1,-1,-1,1,2,1,2,844.94,895.80,c,50.86,1,1,1.00,1,10.00,0.000,46.000,0.000000,0.000000,0.000000,51413.925781,0.000000,0.000000,0.000000,0,3,1;4;2;,,844.90;889.94;895.80;,0.017882,-0.125179,40.253933,0.053648,
33,-1,-1,-1,-1,1,2,1,2,845.09,896.30,c,51.21,1,1,1.00,1,10.00,0.000,46.000,0.000000,0.000000,0.000000,51562.750000,0.000000,0.000000,0.000000,0,3,1;3;2;,,845.00;851.30;896.30;,0.017882,-0.125179,40.253933,0.053648,
34,-1,-1,-1,-1,1,2,1,2,845.24,896.40,c,51.16,1,1,1.00,1,10.00,0.000,46.000,0.000000,0.000000,0.000000,51541.699219,0.000000,0.000000,0.000000,15,3,1;4;2;,,845.20;890.24;896.40;,0.017882,-0.125179,40.253933,0.053648,
35,-1,-1,-1,-1,1,2,1,2,845.39,897.00,c,51.61,1,1,1.00,1,10.00,0.000,46.000,0.000000,0.000000,0.000000,51732.960938,0.000000,0.000000,0.000000,10,3,1;4;2;,,845.30;890.39;897.00;,0.017882,-0.125179,40.253933,0.053648,
36,-1,-1,-1,-1,1,2,1,2,845.54,897.00,c,51.46,1,1,1.00,1,10.00,0.000,46.000,0.000000,0.000000,0.000000,51669.421875,0.000000,0.000000,0.000000,15,3,1;3;2;,,845.50;852.00;897.00;,0.017882,-0.125179,40.253933,0.053648,
37,-1,-1,-1,-1,1,2,1,2,845.69,897.60,c,51.91,1,1,1.00,1,10.00,0.000,46.000,0.000000,0.000000,0.000000,51860.679688,0.000000,0.000000,0.000000,10,3,1;3;2;,,845.60;852.60;897.60;,0.017882,-0.125179,40.253933,0.053648,
38,-1,-1,-1,-1,1,2,1,2,845.84,897.60,c,51.76,1,1,1.00,1,10.00,0.000,46.000,0.000000,0.000000,0.000000,51797.144531,0.000000,0.000000,0.000000,0,3,1;4;2;,,845.80;890.84;897.60;,0.017882,-0.125179,40.253933,0.053648,
39,-1,-1,-1,-1,1,2,1,2,845.99,898.20,c,52.21,1,1,1.00,1,10.00,0.000,46.000,0.000000,0.000000,0.000000,51988.429688,0.000000,0.000000,0.000000,0,3,1;4;2;,,845.90;890.99;898.20;,0.017882,-0.125179,40.253933,0.053648,
40,-1,-1,-1,-1,1,2,1,2,846.13,898.20,c,52.07,1,1,1.00,1,10.00,0.000,46.000,0.000000,0.000000,0.000000,51924.890625,0.000000,0.000000,0.000000,15,3,1;3;2;,,846.10;853.20;898.20;,0.017882,-0.125179,40.253933,0.053648,
41,-1,-1,-1,-1,1,2,1,2,846.28,898.80,c,52.52,1,1,1.00,1,10.00,0.000,46.000,0.000000,0.000000,0.000000,52116.152344,0.000000,0.000000,0.000000,10,3,1;3;2;,,846.20;853.80;898.80;,0.017882,-0.125179,40.253933,0.053648,
42,-1,-1,-1,-1,1,2,1,2,846.43,898.80,c,52.37,1,1,1.00,1,10.00,0.000,46.000,0.000000,0.000000,0.000000,52052.613281,0.000000,0.000000,0.000000,5,3,1;4;2;,,846.40;891.43;898.80;,0.017882,-0.125179,40.253933,0.053648,
43,-1,-1,-1,-1,1,2,1,2,846.58,899.40,c,52.82,1,1,1.00,1,10.00,0.000,46.000,0.000000,0.000000,0.000000,52243.898438,0.000000,0.000000,0.000000,0,3,1;4;2;,,846.50;891.58;899.40;,0.017882,-0.125179,40.253933,0.053648,
44,-1,-1,-1,-1,1,2,1,2,846.73,899.40,c,52.67,1,1,1.00,1,10.00,0.000,46.000,0.000000,0.000000,0.000000,52180.363281,0.000000,0.000000,0.000000,15,3,1;3;2;,,846.70;854.40;899.40;,0.017882,-0.125179,40.253933,0.053648,
45,-1,-1,-1,-1,1,2,1,2,846.88,900.00,c,53.12,1,1,1.00,1,10.00,0.000,46.000,0.000000,0.000000,0.000000,52371.621094,0.000000,0.000000,0.000000,0,3,1;3;2;,,846.80;855.00;900.00;,0.017882,-0.125179,40.253933,0.053648,
46,-1,-1,-1,-1,1,2,1,2,847.03,900.00,c,52.97,1,1,1.00,1,10.00,0.000,46.000,0.000000,0.000000,0.000000,52308.085938,0.000000,0.000000,0.000000,0,3,1;4;2;,,847.00;892.03;900.00;,0.017882,-0.125179,40.253933,0.053648,
47,-1,-1,-1,-1,1,2,1,2,847.18,900.60,c,53.42,1,1,1.00,1,10.00,0.000,46.000,0.000000,0.000000,0.000000,52499.343750,0.000000,0.000000,0.000000,5,3,1;4;2;,,847.10;892.18;900.60;,0.017882,-0.125179,40.253933,0.053648,
48,-1,-1,-1,-1,1,2,1,2,847.33,900.60,c,53.27,1,1,1.00,1,10.00,0.000,46.000,0.000000,0.000000,0.000000,52435.808594,0.000000,0.000000,0.000000,15,3,1;3;2;,,847.30;855.60;900.60;,0.017882,-0.125179,40.253933,0.053648,
49,-1,-1,-1,-1,1,2,1,2,847.48,901.20,c,53.72,1,1,1.00,1,10.00,0.000,46.000,0.000000,0.000000,0.000000,52627.093750,0.000000,0.000000,0.000000,15,3,1;3;2;,,847.40;856.20;901.20;,0.017882,-0.125179,40.253933,0.053648,
50,-1,-1,-1,-1,1,2,1,2,847.63,901.20,c,53.57,1,1,1.00,1,10.00,0.000,46.000,0.000000,0.000000,0.000000,52563.554688,0.000000,0.000000,0.000000,15,3,1;4;2;,,847.60;892.63;901.20;,0.017882,-0.125179,40.253933,0.053648,
51,-1,-1,-1,-1,1,2,1,2,847.78,901.80,c,54.02,1,1,1.00,1,10.00,0.000,46.000,0.000000,0.000000,0.000000,52754.843750,0.000000,0.000000,0.000000,15,3,1;3;2;,,847.70;856.80;901.80;,0.017882,-0.125179,40.253933,0.053648,
52,-1,-1,-1,-1,1,2,1,2,847.93,902.40,c,54.47,1,1,1.00,1,10.00,0.000,46.000,0.000000,0.000000,0.000000,52946.125000,0.000000,0.000000,0.000000,5,3,1;3;2;,,847.90;857.40;902.40;,0.017882,-0.125179,40.253933,0.053648,
53,-1,-1,-1,-1,1,2,1,2,848.08,901.80,c,53.72,1,1,1.00,1,10.00,0.000,46.000,0.000000,0.000000,0.000000,52627.742188,0.000000,0.000000,0.000000,0,3,1;4;2;,,848.00;893.08;901.80;,0.017882,-0.125179,40.253933,0.053648,
54,-1,-1,-1,-1,1,2,1,2,848.23,902.40,c,54.17,1,1,1.00,1,10.00,0.000,46.000,0.000000,0.000000,0.000000,52819.027344,0.000000,0.000000,0.000000,5,3,1;4;2;,,848.20;893.23;902.40;,0.017882,-0.125179,40.253933,0.053648,
55,-1,-1,-1,-1,1,2,1,2,848.38,903.00,c,54.62,1,1,1.00,1,10.00,0.000,46.000,0.000000,0.000000,0.000000,53010.312500,0.000000,0.000000,0.000000,5,3,1;3;2;,,848.30;858.00;903.00;,0.017882,-0.125179,40.253933,0.053648,
56,-1,-1,-1,-1,1,2,1,2,848.53,903.60,c,55.07,1,1,1.00,1,10.00,0.000,46.000,0.000000,0.000000,0.000000,53201.570313,0.000000,0.000000,0.000000,10,3,1;3;2;,,848.50;858.60;903.60;,0.017882,-0.125179,40.253933,0.053648,
57,-1,-1,-1,-1,1,2,1,2,848.68,903.00,c,54.32,1,1,1.00,1,10.00,0.000,46.000,0.000000,0.000000,0.000000,52883.210938,0.000000,0.000000,0.000000,15,3,1;4;2;,,848.60;893.68;903.00;,0.017882,-0.125179,40.253933,0.053648,
58,-1,-1,-1,-1,1,2,1,2,848.83,903.60,c,54.77,1,1,1.00,1,10.00,0.000,46.000,0.000000,0.000000,0.000000,53074.472656,0.000000,0.000000,0.000000,10,3,1;4;2;,,848.80;893.83;903.60;,0.017882,-0.125179,40.253933,0.053648,
59,-1,-1,-1,-1,1,2,1,2,848.98,904.20,c,55.22,1,1,1.00,1,10.00,0.000,46.000,0.000000,0.000000,0.000000,53265.781250,0.000000,0.000000,0.000000,15,3,1;3;2;,,848.90;859.20;904.20;,0.017882,-0.125179,40.253933,0.053648,
60,-1,-1,-1,-1,1,2,1,2,849.13,904.80,c,55.67,1,1,1.00,1,10.00,0.000,46.000,0.000000,0.000000,0.000000,53457.042969,0.000000,0.000000,0.000000,10,3,1;3;2;,,849.10;859.80;904.80;,0.017882,-0.125179,40.253933,0.053648,
61,-1,-1,-1,-1,1,2,1,2,849.28,904.20,c,54.92,1,1,1.00,1,10.00,0.000,46.000,0.000000,0.000000,0.000000,53138.683594,0.000000,0.000000,0.000000,5,3,1;4;2;,,849.20;894.28;904.20;,0.017882,-0.125179,40.253933,0.053648,
62,-1,-1,-1,-1,1,2,1,2,849.43,904.80,c,55.37,1,1,1.00,1,10.00,0.000,46.000,0.000000,0.000000,0.000000,53329.941406,0.000000,0.000000,0.000000,5,3,1;4;2;,,849.40;894.43;904.80;,0.017882,-0.125179,40.253933,0.053648,
63,-1,-1,-1,-1,1,2,1,2,849.58,905.40,c,55.82,1,1,1.00,1,10.00,0.000,46.000,0.000000,0.000000,0.000000,53521.253906,0.000000,0.000000,0.000000,5,3,1;3;2;,,849.50;860.40;905.40;,0.017882,-0.125179,40.253933,0.053648,
64,-1,-1,-1,-1,1,2,1,2,849.73,906.00,c,56.27,1,1,1.00,1,10.00,0.000,46.000,0.000000,0.000000,0.000000,53712.511719,0.000000,0.000000,0.000000,10,3,1;3;2;,,849.70;861.00;906.00;,0.017882,-0.125179,40.253933,0.053648,
65,-1,-1,-1,-1,1,2,1,2,849.88,905.40,c,55.52,1,1,1.00,1,10.00,0.000,46.000,0.000000,0.000000,0.000000,53394.152344,0.000000,0.000000,0.000000,10,3,1;4;2;,,849.80;894.88;905.40;,0.017882,-0.125179,40.253933,0.053648,
66,-1,-1,-1,-1,1,2,1,2,850.02,906.00,c,55.98,1,1,1.00,1,10.00,0.000,46.000,0.000000,0.000000,0.000000,53585.414063,0.000000,0.000000,0.000000,10,3,1;4;2;,,850.00;895.02;906.00;,0.017882,-0.125179,40.253933,0.053648,
67,-1,-1,-1,-1,1,2,1,2,850.17,906.60,c,56.43,1,1,1.00,1,10.00,0.000,46.000,0.000000,0.000000,0.000000,53776.699219,0.000000,0.000000,0.000000,5,3,1;3;2;,,850.10;861.60;906.60;,0.017882,-0.125179,40.253933,0.053648,
68,-1,-1,-1,-1,1,2,1,2,850.32,906.60,c,56.28,1,1,1.00,1,10.00,0.000,46.000,0.000000,0.000000,0.000000,53713.136719,0.000000,0.000000,0.000000,5,3,1;4;2;,,850.30;895.32;906.60;,0.017882,-0.125179,40.253933,0.053648,
69,-1,-1,-1,-1,1,2,1,2,850.47,907.20,c,56.73,1,1,1.00,1,10.00,0.000,46.000,0.000000,0.000000,0.000000,53904.445313,0.000000,0.000000,0.000000,0,3,1;4;2;,,850.40;895.47;907.20;,0.017882,-0.125179,40.253933,0.053648,
70,-1,-1,-1,-1,1,2,1,2,850.62,907.20,c,56.58,1,1,1.00,1,10.00,0.000,46.000,0.000000,0.000000,0.000000,53840.910156,0.000000,0.000000,0.000000,15,3,1;3;2;,,850.60;862.20;907.20;,0.017882,-0.125179,40.253933,0.053648,
71,-1,-1,-1,-1,1,2,1,2,850.77,907.80,c,57.03,1,1,1.00,1,10.00,0.000,46.000,0.000000,0.000000,0.000000,54032.167969,0.000000,0.000000,0.000000,10,3,1;3;2;,,850.70;862.80;907.80;,0.017882,-0.125179,40.253933,0.053648,
72,-1,-1,-1,-1,1,2,1,2,850.92,907.80,c,56.88,1,1,1.00,1,10.00,0.000,46.000,0.000000,0.000000,0.000000,53968.632813,0.000000,0.000000,0.000000,0,3,1;4;2;,,850.90;895.92;907.80;,0.017882,-0.125179,40.253933,0.053648,
73,-1,-1,-1,-1,1,2,1,2,851.07,908.40,c,57.33,1,1,1.00,1,10.00,0.000,46.000,0.000000,0.000000,0.000000,54159.917969,0.000000,0.000000,0.000000,15,3,1;4;2;,,851.00;896.07;908.40;,0.017882,-0.125179,40.253933,0.053648,
74,-1,-1,-1,-1,1,2,1,2,851.22,908.30,c,57.08,1,1,1.00,1,10.00,0.000,46.000,0.000000,0.000000,0.000000,54053.890625,0.000000,0.000000,0.000000,5,3,1;3;2;,,851.20;863.30;908.30;,0.017882,-0.125179,40.253933,0.053648,
75,-1,-1,-1,-1,1,2,1,2,851.37,908.90,c,57.53,1,1,1.00,1,10.00,0.000,46.000,0.000000,0.000000,0.000000,54245.179688,0.000000,0.000000,0.000000,15,3,1;3;2;,,851.30;863.90;908.90;,0.017882,-0.125179,40.253933,0.053648,
76,-1,-1,-1,-1,1,2,1,2,851.52,909.00,c,57.48,1,1,1.00,1,10.00,0.000,46.000,0.000000,0.000000,0.000000,54224.101563,0.000000,0.000000,0.000000,15,3,1;4;2;,,851.50;896.52;909.00;,0.017882,-0.125179,40.253933,0.053648,
77,-1,-1,-1,-1,1,2,1,2,851.67,909.60,c,57.93,1,1,1.00,1,10.00,0.000,46.000,0.000000,0.000000,0.000000,54415.363281,0.000000,0.000000,0.000000,15,3,1;4;2;,,851.60;896.67;909.60;,0.017882,-0.125179,40.253933,0.053648,
78,-1,-1,-1,-1,1,2,1,2,851.82,909.50,c,57.68,1,1,1.00,1,10.00,0.000,46.000,0.000000,0.000000,0.000000,54309.363281,0.000000,0.000000,0.000000,5,3,1;3;2;,,851.80;864.50;909.50;,0.017882,-0.125179,40.253933,0.053648,
79,-1,-1,-1,-1,1,2,1,2,851.97,910.10,c,58.13,1,1,1.00,1,10.00,0.000,46.000,0.000000,0.000000,0.000000,54500.621094,0.000000,0.000000,0.000000,5,3,1;3;2;,,851.90;865.10;910.10;,0.017882,-0.125179,40.253933,0.053648,
80,-1,-1,-1,-1,1,2,1,2,852.12,910.20,c,58.08,1,1,1.00,1,10.00,0.000,46.000,0.000000,0.000000,0.000000,54479.574219,0.000000,0.000000,0.000000,5,3,1;4;2;,,852.10;897.12;910.20;,0.017882,-0.125179,40.253933,0.053648,
81,-1,-1,-1,-1,1,2,1,2,852.27,910.80,c,58.53,1,1,1.00,1,10.00,0.000,46.000,0.000000,0.000000,0.000000,54670.832031,0.000000,0.000000,0.000000,0,3,1;4;2;,,852.20;897.27;910.80;,0.017882,-0.125179,40.253933,0.053648,
82,-1,-1,-1,-1,1,2,1,2,852.42,910.70,c,58.28,1,1,1.00,1,10.00,0.000,46.000,0.000000,0.000000,0.000000,54564.832031,0.000000,0.000000,0.000000,15,3,1;3;2;,,852.40;865.70;910.70;,0.017882,-0.125179,40.253933,0.053648,
83,-1,-1,-1,-1,1,2,1,2,852.57,911.30,c,58.73,1,1,1.00,1,10.00,0.000,46.000,0.000000,0.000000,0.000000,54756.093750,0.000000,0.000000,0.000000,10,3,1;3;2;,,852.50;866.30;911.30;,0.017882,-0.125179,40.253933,0.053648,
84,-1,-1,-1,-1,1,2,1,2,852.72,911.40,c,58.68,1,1,1.00,1,10.00,0.000,46.000,0.000000,0.000000,0.000000,54735.042969,0.000000,0.000000,0.000000,0,3,1;4;2;,,852.70;897.72;911.40;,0.017882,-0.125179,40.253933,0.053648,
85,-1,-1,-1,-1,1,2,1,2,852.87,911.90,c,59.03,1,1,1.00,1,10.00,0.000,46.000,0.000000,0.000000,0.000000,54883.839844,0.000000,0.000000,0.000000,5,3,1;3;2;,,852.80;866.90;911.90;,0.017882,-0.125179,40.253933,0.053648,
86,-1,-1,-1,-1,1,2,1,2,853.02,912.50,c,59.48,1,1,1.00,1,10.00,0.000,46.000,0.000000,0.000000,0.000000,55075.125000,0.000000,0.000000,0.000000,10,3,1;3;2;,,853.00;867.50;912.50;,0.017882,-0.125179,40.253933,0.053648,
87,-1,-1,-1,-1,1,2,1,2,853.17,912.00,c,58.83,1,1,1.00,1,10.00,0.000,46.000,0.000000,0.000000,0.000000,54799.226563,0.000000,0.000000,0.000000,0,3,1;4;2;,,853.10;898.17;912.00;,0.017882,-0.125179,40.253933,0.053648,
88,-1,-1,-1,-1,1,2,1,2,853.32,912.60,c,59.28,1,1,1.00,1,10.00,0.000,46.000,0.000000,0.000000,0.000000,54990.488281,0.000000,0.000000,0.000000,15,3,1;4;2;,,853.30;898.32;912.60;,0.017882,-0.125179,40.253933,0.053648,
89,-1,-1,-1,-1,1,2,1,2,853.47,913.10,c,59.63,1,1,1.00,1,10.00,0.000,46.000,0.000000,0.000000,0.000000,55139.312500,0.000000,0.000000,0.000000,10,3,1;3;2;,,853.40;868.10;913.10;,0.017882,-0.125179,40.253933,0.053648,
90,-1,-1,-1,-1,1,2,1,2,853.62,913.70,c,60.08,1,1,1.00,1,10.00,0.000,46.000,0.000000,0.000000,0.000000,55330.597656,0.000000,0.000000,0.000000,15,3,1;3;2;,,853.60;868.70;913.70;,0.017882,-0.125179,40.253933,0.053648,
91,-1,-1,-1,-1,1,2,1,2,853.77,913.20,c,59.43,1,1,1.00,1,10.00,0.000,46.000,0.000000,0.000000,0.000000,55054.699219,0.000000,0.000000,0.000000,15,3,1;4;2;,,853.70;898.77;913.20;,0.017882,-0.125179,40.253933,0.053648,
92,-1,-1,-1,-1,1,2,1,2,853.92,913.80,c,59.88,1,1,1.00,1,10.00,0.000,46.000,0.000000,0.000000,0.000000,55245.960938,0.000000,0.000000,0.000000,15,3,1;4;2;,,853.90;898.92;913.80;,0.017882,-0.125179,40.253933,0.053648,
93,-1,-1,-1,-1,1,2,1,2,854.06,914.30,c,60.24,1,1,1.00,1,10.00,0.000,46.000,0.000000,0.000000,0.000000,55394.781250,0.000000,0.000000,0.000000,15,3,1;3;2;,,854.00;869.30;914.30;,0.017882,-0.125179,40.253933,0.053648,
94,-1,-1,-1,-1,1,2,1,2,854.21,914.90,c,60.69,1,1,1.00,1,10.00,0.000,46.000,0.000000,0.000000,0.000000,55586.066406,0.000000,0.000000,0.000000,5,3,1;3;2;,,854.20;869.90;914.90;,0.017882,-0.125179,40.253933,0.053648,
95,-1,-1,-1,-1,1,2,1,2,854.36,914.40,c,60.04,1,1,1.00,1,10.00,0.000,46.000,0.000000,0.000000,0.000000,55310.171875,0.000000,0.000000,0.000000,0,3,1;4;2;,,854.30;899.36;914.40;,0.017882,-0.125179,40.253933,0.053648,
96,-1,-1,-1,-1,1,2,1,2,854.51,915.00,c,60.49,1,1,1.00,1,10.00,0.000,46.000,0.000000,0.000000,0.000000,55501.429688,0.000000,0.000000,0.000000,5,3,1;4;2;,,854.50;899.51;915.00;,0.017882,-0.125179,40.253933,0.053648,
97,-1,-1,-1,-1,1,2,1,2,854.66,915.50,c,60.84,1,1,1.00,1,10.00,0.000,46.000,0.000000,0.000000,0.000000,55650.253906,0.000000,0.000000,0.000000,5,3,1;3;2;,,854.60;870.50;915.50;,0.017882,-0.125179,40.253933,0.053648,
98,-1,-1,-1,-1,1,2,1,2,854.81,916.10,c,61.29,1,1,1.00,1,10.00,0.000,46.000,0.000000,0.000000,0.000000,55841.511719,0.000000,0.000000,0.000000,10,3,1;3;2;,,854.80;871.10;916.10;,0.017882,-0.125179,40.253933,0.053648,
99,-1,-1,-1,-1,1,2,1,2,854.96,915.60,c,60.64,1,1,1.00,1,10.00,0.000,46.000,0.000000,0.000000,0.000000,55565.613281,0.000000,0.000000,0.000000,5,3,1;4;2;,,854.90;899.96;915.60;,0.017882,-0.125179,40.253933,0.053648,
100,-1,-1,-1,-1,1,2,1,2,855.11,916.70,c,61.59,1,1,1.00,1,10.00,0.000,46.000,0.000000,0.000000,0.000000,55969.261719,0.000000,0.000000,0.000000,5,3,1;3;2;,,855.10;871.70;916.70;,0.017882,-0.125179,40.253933,0.053648,
101,-1,-1,-1,-1,1,2,1,2,855.26,917.30,c,62.04,1,1,1.00,1,10.00,0.000,46.000,0.000000,0.000000,0.000000,56160.546875,0.000000,0.000000,0.000000,15,3,1;3;2;,,855.20;872.30;917.30;,0.017882,-0.125179,40.253933,0.053648,
102,-1,-1,-1,-1,1,2,1,2,855.41,916.20,c,60.79,1,1,1.00,1,10.00,0.000,46.000,0.000000,0.000000,0.000000,55629.800781,0.000000,0.000000,0.000000,10,3,1;4;2;,,855.40;900.41;916.20;,0.017882,-0.125179,40.253933,0.053648,
103,-1,-1,-1,-1,1,2,1,2,855.56,916.80,c,61.24,1,1,1.00,1,10.00,0.000,46.000,0.000000,0.000000,0.000000,55821.085938,0.000000,0.000000,0.000000,5,3,1;4;2;,,855.50;900.56;916.80;,0.017882,-0.125179,40.253933,0.053648,
104,-1,-1,-1,-1,1,2,1,2,855.71,917.90,c,62.19,1,1,1.00,1,10.00,0.000,46.000,0.000000,0.000000,0.000000,56224.757813,0.000000,0.000000,0.000000,10,3,1;3;2;,,855.70;872.90;917.90;,0.017882,-0.125179,40.253933,0.053648,
105,-1,-1,-1,-1,1,2,1,2,855.86,918.50,c,62.64,1,1,1.00,1,10.00,0.000,46.000,0.000000,0.000000,0.000000,56416.015625,0.000000,0.000000,0.000000,5,3,1;3;2;,,855.80;873.50;918.50;,0.017882,-0.125179,40.253933,0.053648,
106,-1,-1,-1,-1,1,2,1,2,856.01,917.40,c,61.39,1,1,1.00,1,10.00,0.000,46.000,0.000000,0.000000,0.000000,55885.296875,0.000000,0.000000,0.000000,10,3,1;4;2;,,856.00;901.01;917.40;,0.017882,-0.125179,40.253933,0.053648,
107,-1,-1,-1,-1,1,2,1,2,856.16,918.00,c,61.84,1,1,1.00,1,10.00,0.000,46.000,0.000000,0.000000,0.000000,56076.554688,0.000000,0.000000,0.000000,0,3,1;4;2;,,856.10;901.16;918.00;,0.017882,-0.125179,40.253933,0.053648,
108,-1,-1,-1,-1,1,2,1,2,856.31,919.10,c,62.79,1,1,1.00,1,10.00,0.000,46.000,0.000000,0.000000,0.000000,56480.203125,0.000000,0.000000,0.000000,5,3,1;3;2;,,856.30;874.10;919.10;,0.017882,-0.125179,40.253933,0.053648,
109,-1,-1,-1,-1,1,2,1,2,856.46,919.70,c,63.24,1,1,1.00,1,10.00,0.000,46.000,0.000000,0.000000,0.000000,56671.488281,0.000000,0.000000,0.000000,15,3,1;3;2;,,856.40;874.70;919.70;,0.017882,-0.125179,40.253933,0.053648,
110,-1,-1,-1,-1,1,2,1,2,856.61,918.60,c,61.99,1,1,1.00,1,10.00,0.000,46.000,0.000000,0.000000,0.000000,56140.742188,0.000000,0.000000,0.000000,10,3,1;4;2;,,856.60;901.61;918.60;,0.017882,-0.125179,40.253933,0.053648,
111,-1,-1,-1,-1,1,2,1,2,856.76,919.20,c,62.44,1,1,1.00,1,10.00,0.000,46.000,0.000000,0.000000,0.000000,56332.027344,0.000000,0.000000,0.000000,5,3,1;4;2;,,856.70;901.76;919.20;,0.017882,-0.125179,40.253933,0.053648,
112,-1,-1,-1,-1,1,2,1,2,856.91,920.30,c,63.39,1,1,1.00,1,10.00,0.000,46.000,0.000000,0.000000,0.000000,56735.671875,0.000000,0.000000,0.000000,0,3,1;3;2;,,856.90;875.30;920.30;,0.017882,-0.125179,40.253933,0.053648,
113,-1,-1,-1,-1,1,2,1,2,857.06,920.90,c,63.84,1,1,1.00,1,10.00,0.000,46.000,0.000000,0.000000,0.000000,56926.957031,0.000000,0.000000,0.000000,15,3,1;3;2;,,857.00;875.90;920.90;,0.017882,-0.125179,40.253933,0.053648,
114,-1,-1,-1,-1,1,2,1,2,857.21,919.80,c,62.59,1,1,1.00,1,10.00,0.000,46.000,0.000000,0.000000,0.000000,56396.210938,0.000000,0.000000,0.000000,5,3,1;4;2;,,857.20;902.21;919.80;,0.017882,-0.125179,40.253933,0.053648,
115,-1,-1,-1,-1,1,2,1,2,857.36,920.40,c,63.04,1,1,1.00,1,10.00,0.000,46.000,0.000000,0.000000,0.000000,56587.496094,0.000000,0.000000,0.000000,15,3,1;4;2;,,857.30;902.36;920.40;,0.017882,-0.125179,40.253933,0.053648,
116,-1,-1,-1,-1,1,2,1,2,857.51,921.50,c,63.99,1,1,1.00,1,10.00,0.000,46.000,0.000000,0.000000,0.000000,56991.144531,0.000000,0.000000,0.000000,5,3,1;3;2;,,857.50;876.50;921.50;,0.017882,-0.125179,40.253933,0.053648,
117,-1,-1,-1,-1,1,2,1,2,857.66,921.00,c,63.34,1,1,1.00,1,10.00,0.000,46.000,0.000000,0.000000,0.000000,56715.218750,0.000000,0.000000,0.000000,10,3,1;4;2;,,857.60;902.66;921.00;,0.017882,-0.125179,40.253933,0.053648,
118,-1,-1,-1,-1,1,2,1,2,857.81,921.60,c,63.79,1,1,1.00,1,10.00,0.000,46.000,0.000000,0.000000,0.000000,56906.503906,0.000000,0.000000,0.000000,5,3,1;4;2;,,857.80;902.81;921.60;,0.017882,-0.125179,40.253933,0.053648,
119,-1,-1,-1,-1,1,2,1,2,857.96,922.10,c,64.14,1,1,1.00,1,10.00,0.000,46.000,0.000000,0.000000,0.000000,57055.304688,0.000000,0.000000,0.000000,0,3,1;3;2;,,857.90;877.10;922.10;,0.017882,-0.125179,40.253933,0.053648,
120,-1,-1,-1,-1,1,2,1,2,858.10,922.70,c,64.60,1,1,1.00,1,10.00,0.000,46.000,0.000000,0.000000,0.000000,57246.613281,0.000000,0.000000,0.000000,0,3,1;3;2;,,858.10;877.70;922.70;,0.017882,-0.125179,40.253933,0.053648,
121,-1,-1,-1,-1,1,2,1,2,858.25,922.20,c,63.95,1,1,1.00,1,10.00,0.000,46.000,0.000000,0.000000,0.000000,56970.691406,0.000000,0.000000,0.000000,15,3,1;4;2;,,858.20;903.25;922.20;,0.017882,-0.125179,40.253933,0.053648,
122,-1,-1,-1,-1,1,2,1,2,858.40,922.80,c,64.40,1,1,1.00,1,10.00,0.000,46.000,0.000000,0.000000,0.000000,57161.976563,0.000000,0.000000,0.000000,5,3,1;4;2;,,858.40;903.40;922.80;,0.017882,-0.125179,40.253933,0.053648,
123,-1,-1,-1,-1,1,2,1,2,858.55,923.30,c,64.75,1,1,1.00,1,10.00,0.000,46.000,0.000000,0.000000,0.000000,57310.796875,0.000000,0.000000,0.000000,10,3,1;3;2;,,858.50;878.30;923.30;,0.017882,-0.125179,40.253933,0.053648,
124,-1,-1,-1,-1,1,2,1,2,858.70,923.90,c,65.20,1,1,1.00,1,10.00,0.000,46.000,0.000000,0.000000,0.000000,57502.085938,0.000000,0.000000,0.000000,5,3,1;3;2;,,858.70;878.90;923.90;,0.017882,-0.125179,40.253933,0.053648,
125,-1,-1,-1,-1,1,2,1,2,858.85,923.40,c,64.55,1,1,1.00,1,10.00,0.000,46.000,0.000000,0.000000,0.000000,57226.187500,0.000000,0.000000,0.000000,15,3,1;4;2;,,858.80;903.85;923.40;,0.017882,-0.125179,40.253933,0.053648,
126,-1,-1,-1,-1,1,2,1,2,859.00,924.00,c,65.00,1,1,1.00,1,10.00,0.000,46.000,0.000000,0.000000,0.000000,57417.445313,0.000000,0.000000,0.000000,0,3,1;4;2;,,859.00;904.00;924.00;,0.017882,-0.125179,40.253933,0.053648,
127,-1,-1,-1,-1,1,2,1,2,859.15,924.50,c,65.35,1,1,1.00,1,10.00,0.000,46.000,0.000000,0.000000,0.000000,57566.269531,0.000000,0.000000,0.000000,15,3,1;3;2;,,859.10;879.50;924.50;,0.017882,-0.125179,40.253933,0.053648,
128,-1,-1,-1,-1,1,2,1,2,859.30,925.10,c,65.80,1,1,1.00,1,10.00,0.000,46.000,0.000000,0.000000,0.000000,57757.531250,0.000000,0.000000,0.000000,15,3,1;3;2;,,859.30;880.10;925.10;,0.017882,-0.125179,40.253933,0.053648,
129,-1,-1,-1,-1,1,2,1,2,859.45,924.60,c,65.15,1,1,1.00,1,10.00,0.000,46.000,0.000000,0.000000,0.000000,57481.632813,0.000000,0.000000,0.000000,10,3,1;4;2;,,859.40;904.45;924.60;,0.017882,-0.125179,40.253933,0.053648,
130,-1,-1,-1,-1,1,2,1,2,859.60,925.20,c,65.60,1,1,1.00,1,10.00,0.000,46.000,0.000000,0.000000,0.000000,57672.917969,0.000000,0.000000,0.000000,5,3,1;4;2;,,859.60;904.60;925.20;,0.017882,-0.125179,40.253933,0.053648,
131,-1,-1,-1,-1,1,2,1,2,859.75,925.70,c,65.95,1,1,1.00,1,10.00,0.000,46.000,0.000000,0.000000,0.000000,57821.742188,0.000000,0.000000,0.000000,15,3,1;3;2;,,859.70;880.70;925.70;,0.017882,-0.125179,40.253933,0.053648,
132,-1,-1,-1,-1,1,2,1,2,859.90,926.30,c,66.40,1,1,1.00,1,10.00,0.000,46.000,0.000000,0.000000,0.000000,58013.000000,0.000000,0.000000,0.000000,5,3,1;3;2;,,859.90;881.30;926.30;,0.017882,-0.125179,40.253933,0.053648,
133,-1,-1,-1,-1,1,2,1,2,860.05,925.80,c,65.75,1,1,1.00,1,10.00,0.000,46.000,0.000000,0.000000,0.000000,57737.101563,0.000000,0.000000,0.000000,10,3,1;4;2;,,860.00;905.05;925.80;,0.017882,-0.125179,40.253933,0.053648,
134,-1,-1,-1,-1,1,2,1,2,860.20,926.90,c,66.70,1,1,1.00,1,10.00,0.000,46.000,0.000000,0.000000,0.000000,58140.750000,0.000000,0.000000,0.000000,10,3,1;3;2;,,860.10;881.90;926.90;,0.017882,-0.125179,40.253933,0.053648,
135,-1,-1,-1,-1,1,2,1,2,860.35,927.50,c,67.15,1,1,1.00,1,10.00,0.000,46.000,0.000000,0.000000,0.000000,58332.031250,0.000000,0.000000,0.000000,15,3,1;3;2;,,860.30;882.50;927.50;,0.017882,-0.125179,40.253933,0.053648,
136,-1,-1,-1,-1,1,2,1,2,860.50,926.40,c,65.90,1,1,1.00,1,10.00,0.000,46.000,0.000000,0.000000,0.000000,57801.289063,0.000000,0.000000,0.000000,0,3,1;4;2;,,860.40;905.50;926.40;,0.017882,-0.125179,40.253933,0.053648,
137,-1,-1,-1,-1,1,2,1,2,860.65,927.00,c,66.35,1,1,1.00,1,10.00,0.000,46.000,0.000000,0.000000,0.000000,57992.570313,0.000000,0.000000,0.000000,10,3,1;4;2;,,860.60;905.65;927.00;,0.017882,-0.125179,40.253933,0.053648,
138,-1,-1,-1,-1,1,2,1,2,860.80,928.10,c,67.30,1,1,1.00,1,10.00,0.000,46.000,0.000000,0.000000,0.000000,58396.218750,0.000000,0.000000,0.000000,10,3,1;3;2;,,860.70;883.10;928.10;,0.017882,-0.125179,40.253933,0.053648,
139,-1,-1,-1,-1,1,2,1,2,860.95,928.70,c,67.75,1,1,1.00,1,10.00,0.000,46.000,0.000000,0.000000,0.000000,58587.503906,0.000000,0.000000,0.000000,5,3,1;3;2;,,860.90;883.70;928.70;,0.017882,-0.125179,40.253933,0.053648,
140,-1,-1,-1,-1,1,2,1,2,861.10,927.60,c,66.50,1,1,1.00,1,10.00,0.000,46.000,0.000000,0.000000,0.000000,58056.757813,0.000000,0.000000,0.000000,0,3,1;4;2;,,861.00;906.10;927.60;,0.017882,-0.125179,40.253933,0.053648,
141,-1,-1,-1,-1,1,2,1,2,861.25,928.20,c,66.95,1,1,1.00,1,10.00,0.000,46.000,0.000000,0.000000,0.000000,58248.042969,0.000000,0.000000,0.000000,10,3,1;4;2;,,861.20;906.25;928.20;,0.017882,-0.125179,40.253933,0.053648,
142,-1,-1,-1,-1,1,2,1,2,861.40,929.30,c,67.90,1,1,1.00,1,10.00,0.000,46.000,0.000000,0.000000,0.000000,58651.687500,0.000000,0.000000,0.000000,15,3,1;3;2;,,861.30;884.30;929.30;,0.017882,-0.125179,40.253933,0.053648,
143,-1,-1,-1,-1,1,2,1,2,861.55,929.90,c,68.35,1,1,1.00,1,10.00,0.000,46.000,0.000000,0.000000,0.000000,58842.976563,0.000000,0.000000,0.000000,0,3,1;3;2;,,861.50;884.90;929.90;,0.017882,-0.125179,40.253933,0.053648,
144,-1,-1,-1,-1,1,2,1,2,861.70,928.80,c,67.10,1,1,1.00,1,10.00,0.000,46.000,0.000000,0.000000,0.000000,58312.226563,0.000000,0.000000,0.000000,10,3,1;4;2;,,861.60;906.70;928.80;,0.017882,-0.125179,40.253933,0.053648,
145,-1,-1,-1,-1,1,2,1,2,861.85,929.40,c,67.55,1,1,1.00,1,10.00,0.000,46.000,0.000000,0.000000,0.000000,58503.515625,0.000000,0.000000,0.000000,15,3,1;4;2;,,861.80;906.85;929.40;,0.017882,-0.125179,40.253933,0.053648,
146,-1,-1,-1,-1,1,2,1,2,861.99,930.50,c,68.51,1,1,1.00,1,10.00,0.000,46.000,0.000000,0.000000,0.000000,58907.160156,0.000000,0.000000,0.000000,0,3,1;3;2;,,861.90;885.50;930.50;,0.017882,-0.125179,40.253933,0.053648,
147,-1,-1,-1,-1,1,2,1,2,862.14,931.20,c,69.06,1,1,1.00,1,10.00,0.000,46.000,0.000000,0.000000,0.000000,59140.906250,0.000000,0.000000,0.000000,10,3,1;3;2;,,862.10;886.20;931.20;,0.017882,-0.125179,40.253933,0.053648,
148,-1,-1,-1,-1,1,2,1,2,862.29,930.00,c,67.71,1,1,1.00,1,10.00,0.000,46.000,0.000000,0.000000,0.000000,58567.699219,0.000000,0.000000,0.000000,10,3,1;4;2;,,862.20;907.29;930.00;,0.017882,-0.125179,40.253933,0.053648,
149,-1,-1,-1,-1,1,2,1,2,862.44,930.60,c,68.16,1,1,1.00,1,10.00,0.000,46.000,0.000000,0.000000,0.000000,58758.957031,0.000000,0.000000,0.000000,0,3,1;4;2;,,862.40;907.44;930.60;,0.017882,-0.125179,40.253933,0.053648,
150,-1,-1,-1,-1,1,2,1,2,862.59,931.80,c,69.21,1,1,1.00,1,10.00,0.000,46.000,0.000000,0.000000,0.000000,59205.093750,0.000000,0.000000,0.000000,0,3,1;3;2;,,862.50;886.80;931.80;,0.017882,-0.125179,40.253933,0.053648,
151,-1,-1,-1,-1,1,2,1,2,862.74,931.20,c,68.46,1,1,1.00,1,10.00,0.000,46.000,0.000000,0.000000,0.000000,58886.707031,0.000000,0.000000,0.000000,0,3,1;4;2;,,862.70;907.74;931.20;,0.017882,-0.125179,40.253933,0.053648,
152,-1,-1,-1,-1,1,2,1,2,862.89,931.80,c,68.91,1,1,1.00,1,10.00,0.000,46.000,0.000000,0.000000,0.000000,59077.992188,0.000000,0.000000,0.000000,5,3,1;4;2;,,862.80;907.89;931.80;,0.017882,-0.125179,40.253933,0.053648,
153,-1,-1,-1,-1,1,2,1,2,863.04,932.40,c,69.36,1,1,1.00,1,10.00,0.000,46.000,0.000000,0.000000,0.000000,59269.277344,0.000000,0.000000,0.000000,5,3,1;3;2;,,863.00;887.40;932.40;,0.017882,-0.125179,40.253933,0.053648,
154,-1,-1,-1,-1,1,2,1,2,863.19,933.00,c,69.81,1,1,1.00,1,10.00,0.000,46.000,0.000000,0.000000,0.000000,59460.562500,0.000000,0.000000,0.000000,15,3,1;3;2;,,863.10;888.00;933.00;,0.017882,-0.125179,40.253933,0.053648,
155,-1,-1,-1,-1,1,2,1,2,863.34,932.30,c,68.96,1,1,1.00,1,10.00,0.000,46.000,0.000000,0.000000,0.000000,59099.687500,0.000000,0.000000,0.000000,0,3,1;4;2;,,863.30;908.34;932.30;,0.017882,-0.125179,40.253933,0.053648,
156,-1,-1,-1,-1,1,2,1,2,863.49,932.90,c,69.41,1,1,1.00,1,10.00,0.000,46.000,0.000000,0.000000,0.000000,59291.000000,0.000000,0.000000,0.000000,0,3,1;4;2;,,863.40;908.49;932.90;,0.017882,-0.125179,40.253933,0.053648,
157,-1,-1,-1,-1,1,2,1,2,863.64,933.60,c,69.96,1,1,1.00,1,10.00,0.000,46.000,0.000000,0.000000,0.000000,59524.750000,0.000000,0.000000,0.000000,15,3,1;3;2;,,863.60;888.60;933.60;,0.017882,-0.125179,40.253933,0.053648,
158,-1,-1,-1,-1,1,2,1,2,863.79,934.20,c,70.41,1,1,1.00,1,10.00,0.000,46.000,0.000000,0.000000,0.000000,59716.031250,0.000000,0.000000,0.000000,0,3,1;3;2;,,863.70;889.20;934.20;,0.017882,-0.125179,40.253933,0.053648,
159,-1,-1,-1,-1,1,2,1,2,863.94,933.50,c,69.56,1,1,1.00,1,10.00,0.000,46.000,0.000000,0.000000,0.000000,59355.187500,0.000000,0.000000,0.000000,0,3,1;4;2;,,863.90;908.94;933.50;,0.017882,-0.125179,40.253933,0.053648,
160,-1,-1,-1,-1,1,2,1,2,864.09,934.10,c,70.01,1,1,1.00,1,10.00,0.000,46.000,0.000000,0.000000,0.000000,59546.445313,0.000000,0.000000,0.000000,10,3,1;4;2;,,864.00;909.09;934.10;,0.017882,-0.125179,40.253933,0.053648,
161,-1,-1,-1,-1,1,2,1,2,864.24,934.80,c,70.56,1,1,1.00,1,10.00,0.000,46.000,0.000000,0.000000,0.000000,59780.218750,0.000000,0.000000,0.000000,0,3,1;3;2;,,864.20;889.80;934.80;,0.017882,-0.125179,40.253933,0.053648,
162,-1,-1,-1,-1,1,2,1,2,864.39,935.40,c,71.01,1,1,1.00,1,10.00,0.000,46.000,0.000000,0.000000,0.000000,59971.503906,0.000000,0.000000,0.000000,10,3,1;3;2;,,864.30;890.40;935.40;,0.017882,-0.125179,40.253933,0.053648,
163,-1,-1,-1,-1,1,2,1,2,864.54,934.70,c,70.16,1,1,1.00,1,10.00,0.000,46.000,0.000000,0.000000,0.000000,59610.656250,0.000000,0.000000,0.000000,0,3,1;4;2;,,864.50;909.54;934.70;,0.017882,-0.125179,40.253933,0.053648,
164,-1,-1,-1,-1,1,2,1,2,864.69,935.30,c,70.61,1,1,1.00,1,10.00,0.000,46.000,0.000000,0.000000,0.000000,59801.914063,0.000000,0.000000,0.000000,0,3,1;4;2;,,864.60;909.69;935.30;,0.017882,-0.125179,40.253933,0.053648,
165,-1,-1,-1,-1,1,2,1,2,864.84,936.00,c,71.16,1,1,1.00,1,10.00,0.000,46.000,0.000000,0.000000,0.000000,60035.687500,0.000000,0.000000,0.000000,15,3,1;3;2;,,864.80;891.00;936.00;,0.017882,-0.125179,40.253933,0.053648,
166,-1,-1,-1,-1,1,2,1,2,864.99,936.60,c,71.61,1,1,1.00,1,10.00,0.000,46.000,0.000000,0.000000,0.000000,60226.949219,0.000000,0.000000,0.000000,5,3,1;3;2;,,864.90;891.60;936.60;,0.017882,-0.125179,40.253933,0.053648,
167,-1,-1,-1,-1,1,2,1,2,865.14,935.90,c,70.76,1,1,1.00,1,10.00,0.000,46.000,0.000000,0.000000,0.000000,59866.125000,0.000000,0.000000,0.000000,15,3,1;4;2;,,865.10;910.14;935.90;,0.017882,-0.125179,40.253933,0.053648,
168,-1,-1,-1,-1,1,2,1,2,865.29,937.20,c,71.91,1,1,1.00,1,10.00,0.000,46.000,0.000000,0.000000,0.000000,60354.695313,0.000000,0.000000,0.000000,15,3,1;3;2;,,865.20;892.20;937.20;,0.017882,-0.125179,40.253933,0.053648,
169,-1,-1,-1,-1,1,2,1,2,865.44,937.80,c,72.36,1,1,1.00,1,10.00,0.000,46.000,0.000000,0.000000,0.000000,60545.984375,0.000000,0.000000,0.000000,5,3,1;3;2;,,865.40;892.80;937.80;,0.017882,-0.125179,40.253933,0.053648,
170,-1,-1,-1,-1,1,2,1,2,865.59,936.50,c,70.91,1,1,1.00,1,10.00,0.000,46.000,0.000000,0.000000,0.000000,59930.289063,0.000000,0.000000,0.000000,15,3,1;4;2;,,865.50;910.59;936.50;,0.017882,-0.125179,40.253933,0.053648,
171,-1,-1,-1,-1,1,2,1,2,865.74,937.10,c,71.36,1,1,1.00,1,10.00,0.000,46.000,0.000000,0.000000,0.000000,60121.570313,0.000000,0.000000,0.000000,10,3,1;4;2;,,865.70;910.74;937.10;,0.017882,-0.125179,40.253933,0.053648,
172,-1,-1,-1,-1,1,2,1,2,865.89,938.40,c,72.51,1,1,1.00,1,10.00,0.000,46.000,0.000000,0.000000,0.000000,60610.167969,0.000000,0.000000,0.000000,0,3,1;3;2;,,865.80;893.40;938.40;,0.017882,-0.125179,40.253933,0.053648,
173,-1,-1,-1,-1,1,2,1,2,866.03,939.00,c,72.97,1,1,1.00,1,10.00,0.000,46.000,0.000000,0.000000,0.000000,60801.453125,0.000000,0.000000,0.000000,0,3,1;3;2;,,866.00;894.00;939.00;,0.017882,-0.125179,40.253933,0.053648,
174,-1,-1,-1,-1,1,2,1,2,866.18,937.70,c,71.52,1,1,1.00,1,10.00,0.000,46.000,0.000000,0.000000,0.000000,60185.781250,0.000000,0.000000,0.000000,0,3,1;4;2;,,866.10;911.18;937.70;,0.017882,-0.125179,40.253933,0.053648,
175,-1,-1,-1,-1,1,2,1,2,866.33,938.30,c,71.97,1,1,1.00,1,10.00,0.000,46.000,0.000000,0.000000,0.000000,60377.042969,0.000000,0.000000,0.000000,10,3,1;4;2;,,866.30;911.33;938.30;,0.017882,-0.125179,40.253933,0.053648,
176,-1,-1,-1,-1,1,2,1,2,866.48,939.60,c,73.12,1,1,1.00,1,10.00,0.000,46.000,0.000000,0.000000,0.000000,60865.640625,0.000000,0.000000,0.000000,10,3,1;3;2;,,866.40;894.60;939.60;,0.017882,-0.125179,40.253933,0.053648,
177,-1,-1,-1,-1,1,2,1,2,866.63,940.20,c,73.57,1,1,1.00,1,10.00,0.000,46.000,0.000000,0.000000,0.000000,61056.921875,0.000000,0.000000,0.000000,0,3,1;3;2;,,866.60;895.20;940.20;,0.017882,-0.125179,40.253933,0.053648,
178,-1,-1,-1,-1,1,2,1,2,866.78,938.90,c,72.12,1,1,1.00,1,10.00,0.000,46.000,0.000000,0.000000,0.000000,60441.253906,0.000000,0.000000,0.000000,15,3,1;4;2;,,866.70;911.78;938.90;,0.017882,-0.125179,40.253933,0.053648,
179,-1,-1,-1,-1,1,2,1,2,866.93,939.50,c,72.57,1,1,1.00,1,10.00,0.000,46.000,0.000000,0.000000,0.000000,60632.515625,0.000000,0.000000,0.000000,10,3,1;4;2;,,866.90;911.93;939.50;,0.017882,-0.125179,40.253933,0.053648,
180,-1,-1,-1,-1,1,2,1,2,867.08,940.80,c,73.72,1,1,1.00,1,10.00,0.000,46.000,0.000000,0.000000,0.000000,61121.109375,0.000000,0.000000,0.000000,5,3,1;3;2;,,867.00;895.80;940.80;,0.017882,-0.125179,40.253933,0.053648,
181,-1,-1,-1,-1,1,2,1,2,867.23,941.40,c,74.17,1,1,1.00,1,10.00,0.000,46.000,0.000000,0.000000,0.000000,61312.394531,0.000000,0.000000,0.000000,15,3,1;3;2;,,867.20;896.40;941.40;,0.017882,-0.125179,40.253933,0.053648,
182,-1,-1,-1,-1,1,2,1,2,867.38,940.10,c,72.72,1,1,1.00,1,10.00,0.000,46.000,0.000000,0.000000,0.000000,60696.699219,0.000000,0.000000,0.000000,15,3,1;4;2;,,867.30;912.38;940.10;,0.017882,-0.125179,40.253933,0.053648,
183,-1,-1,-1,-1,1,2,1,2,867.53,940.70,c,73.17,1,1,1.00,1,10.00,0.000,46.000,0.000000,0.000000,0.000000,60887.984375,0.000000,0.000000,0.000000,10,3,1;4;2;,,867.50;912.53;940.70;,0.017882,-0.125179,40.253933,0.053648,
184,-1,-1,-1,-1,1,2,1,2,867.68,942.00,c,74.32,1,1,1.00,1,10.00,0.000,46.000,0.000000,0.000000,0.000000,61376.578125,0.000000,0.000000,0.000000,15,3,1;3;2;,,867.60;897.00;942.00;,0.017882,-0.125179,40.253933,0.053648,
185,-1,-1,-1,-1,1,2,1,2,867.83,941.30,c,73.47,1,1,1.00,1,10.00,0.000,46.000,0.000000,0.000000,0.000000,61015.707031,0.000000,0.000000,0.000000,0,3,1;4;2;,,867.80;912.83;941.30;,0.017882,-0.125179,40.253933,0.053648,
186,-1,-1,-1,-1,1,2,1,2,867.98,941.90,c,73.92,1,1,1.00,1,10.00,0.000,46.000,0.000000,0.000000,0.000000,61207.015625,0.000000,0.000000,0.000000,0,3,1;4;2;,,867.90;912.98;941.90;,0.017882,-0.125179,40.253933,0.053648,
187,-1,-1,-1,-1,1,2,1,2,868.13,942.60,c,74.47,1,1,1.00,1,10.00,0.000,46.000,0.000000,0.000000,0.000000,61440.738281,0.000000,0.000000,0.000000,0,3,1;3;2;,,868.10;897.60;942.60;,0.017882,-0.125179,40.253933,0.053648,
188,-1,-1,-1,-1,1,2,1,2,868.28,943.20,c,74.92,1,1,1.00,1,10.00,0.000,46.000,0.000000,0.000000,0.000000,61632.050781,0.000000,0.000000,0.000000,0,3,1;3;2;,,868.20;898.20;943.20;,0.017882,-0.125179,40.253933,0.053648,
189,-1,-1,-1,-1,1,2,1,2,868.43,942.50,c,74.07,1,1,1.00,1,10.00,0.000,46.000,0.000000,0.000000,0.000000,61271.175781,0.000000,0.000000,0.000000,5,3,1;4;2;,,868.40;913.43;942.50;,0.017882,-0.125179,40.253933,0.053648,
190,-1,-1,-1,-1,1,2,1,2,868.58,943.10,c,74.52,1,1,1.00,1,10.00,0.000,46.000,0.000000,0.000000,0.000000,61462.460938,0.000000,0.000000,0.000000,10,3,1;4;2;,,868.50;913.58;943.10;,0.017882,-0.125179,40.253933,0.053648,
191,-1,-1,-1,-1,1,2,1,2,868.73,943.80,c,75.07,1,1,1.00,1,10.00,0.000,46.000,0.000000,0.000000,0.000000,61696.234375,0.000000,0.000000,0.000000,15,3,1;3;2;,,868.70;898.80;943.80;,0.017882,-0.125179,40.253933,0.053648,
192,-1,-1,-1,-1,1,2,1,2,868.88,944.40,c,75.52,1,1,1.00,1,10.00,0.000,46.000,0.000000,0.000000,0.000000,61887.519531,0.000000,0.000000,0.000000,10,3,1;3;2;,,868.80;899.40;944.40;,0.017882,-0.125179,40.253933,0.053648,
193,-1,-1,-1,-1,1,2,1,2,869.03,943.70,c,74.67,1,1,1.00,1,10.00,0.000,46.000,0.000000,0.000000,0.000000,61526.671875,0.000000,0.000000,0.000000,5,3,1;4;2;,,869.00;914.03;943.70;,0.017882,-0.125179,40.253933,0.053648,
194,-1,-1,-1,-1,1,2,1,2,869.18,944.30,c,75.12,1,1,1.00,1,10.00,0.000,46.000,0.000000,0.000000,0.000000,61717.933594,0.000000,0.000000,0.000000,5,3,1;4;2;,,869.10;914.18;944.30;,0.017882,-0.125179,40.253933,0.053648,
195,-1,-1,-1,-1,1,2,1,2,869.33,945.00,c,75.67,1,1,1.00,1,10.00,0.000,46.000,0.000000,0.000000,0.000000,61951.707031,0.000000,0.000000,0.000000,5,3,1;3;2;,,869.30;900.00;945.00;,0.017882,-0.125179,40.253933,0.053648,
196,-1,-1,-1,-1,1,2,1,2,869.48,945.60,c,76.12,1,1,1.00,1,10.00,0.000,46.000,0.000000,0.000000,0.000000,62142.964844,0.000000,0.000000,0.000000,0,3,1;3;2;,,869.40;900.60;945.60;,0.017882,-0.125179,40.253933,0.053648,
197,-1,-1,-1,-1,1,2,1,2,869.63,944.90,c,75.27,1,1,1.00,1,10.00,0.000,46.000,0.000000,0.000000,0.000000,61782.144531,0.000000,0.000000,0.000000,0,3,1;4;2;,,869.60;914.63;944.90;,0.017882,-0.125179,40.253933,0.053648,
198,-1,-1,-1,-1,1,2,1,2,869.78,945.50,c,75.72,1,1,1.00,1,10.00,0.000,46.000,0.000000,0.000000,0.000000,61973.402344,0.000000,0.000000,0.000000,15,3,1;4;2;,,869.70;914.78;945.50;,0.017882,-0.125179,40.253933,0.053648,
199,-1,-1,-1,-1,1,2,1,2,869.93,946.20,c,76.27,1,1,1.00,1,10.00,0.000,46.000,0.000000,0.000000,0.000000,62207.175781,0.000000,0.000000,0.000000,5,3,1;3;2;,,869.90;901.20;946.20;,0.017882,-0.125179,40.253933,0.053648,
200,-1,-1,-1,-1,1,2,1,2,870.07,946.10,c,76.03,1,1,1.00,1,10.00,0.000,46.000,0.000000,0.000000,0.000000,62101.125000,0.000000,0.000000,0.000000,5,3,1;4;2;,,870.00;915.07;946.10;,0.017882,-0.125179,40.253933,0.053648,
201,-1,-1,-1,-1,1,2,1,2,870.22,946.70,c,76.48,1,1,1.00,1,10.00,0.000,46.000,0.000000,0.000000,0.000000,62292.437500,0.000000,0.000000,0.000000,10,3,1;4;2;,,870.20;915.22;946.70;,0.017882,-0.125179,40.253933,0.053648,
202,-1,-1,-1,-1,1,2,1,2,870.37,946.80,c,76.43,1,1,1.00,1,10.00,0.000,46.000,0.000000,0.000000,0.000000,62271.335938,0.000000,0.000000,0.000000,10,3,1;3;2;,,870.30;901.80;946.80;,0.017882,-0.125179,40.253933,0.053648,
203,-1,-1,-1,-1,1,2,1,2,870.52,947.40,c,76.88,1,1,1.00,1,10.00,0.000,46.000,0.000000,0.000000,0.000000,62462.648438,0.000000,0.000000,0.000000,15,3,1;3;2;,,870.50;902.40;947.40;,0.017882,-0.125179,40.253933,0.053648,
204,-1,-1,-1,-1,1,2,1,2,870.67,947.30,c,76.63,1,1,1.00,1,10.00,0.000,46.000,0.000000,0.000000,0.000000,62356.597656,0.000000,0.000000,0.000000,15,3,1;4;2;,,870.60;915.67;947.30;,0.017882,-0.125179,40.253933,0.053648,
205,-1,-1,-1,-1,1,2,1,2,870.82,947.90,c,77.08,1,1,1.00,1,10.00,0.000,46.000,0.000000,0.000000,0.000000,62547.906250,0.000000,0.000000,0.000000,5,3,1;4;2;,,870.80;915.82;947.90;,0.017882,-0.125179,40.253933,0.053648,
206,-1,-1,-1,-1,1,2,1,2,870.97,948.00,c,77.03,1,1,1.00,1,10.00,0.000,46.000,0.000000,0.000000,0.000000,62526.804688,0.000000,0.000000,0.000000,15,3,1;3;2;,,870.90;903.00;948.00;,0.017882,-0.125179,40.253933,0.053648,
207,-1,-1,-1,-1,1,2,1,2,871.12,948.60,c,77.48,1,1,1.00,1,10.00,0.000,46.000,0.000000,0.000000,0.000000,62718.093750,0.000000,0.000000,0.000000,5,3,1;3;2;,,871.10;903.60;948.60;,0.017882,-0.125179,40.253933,0.053648,
208,-1,-1,-1,-1,1,2,1,2,871.27,948.50,c,77.23,1,1,1.00,1,10.00,0.000,46.000,0.000000,0.000000,0.000000,62612.066406,0.000000,0.000000,0.000000,5,3,1;4;2;,,871.20;916.27;948.50;,0.017882,-0.125179,40.253933,0.053648,
209,-1,-1,-1,-1,1,2,1,2,871.42,949.10,c,77.68,1,1,1.00,1,10.00,0.000,46.000,0.000000,0.000000,0.000000,62803.351563,0.000000,0.000000,0.000000,0,3,1;4;2;,,871.40;916.42;949.10;,0.017882,-0.125179,40.253933,0.053648,
210,-1,-1,-1,-1,1,2,1,2,871.57,949.20,c,77.63,1,1,1.00,1,10.00,0.000,46.000,0.000000,0.000000,0.000000,62782.304688,0.000000,0.000000,0.000000,0,3,1;3;2;,,871.50;904.20;949.20;,0.017882,-0.125179,40.253933,0.053648,
211,-1,-1,-1,-1,1,2,1,2,871.72,949.80,c,78.08,1,1,1.00,1,10.00,0.000,46.000,0.000000,0.000000,0.000000,62973.562500,0.000000,0.000000,0.000000,10,3,1;3;2;,,871.70;904.80;949.80;,0.017882,-0.125179,40.253933,0.053648,
212,-1,-1,-1,-1,1,2,1,2,871.87,949.70,c,77.83,1,1,1.00,1,10.00,0.000,46.000,0.000000,0.000000,0.000000,62867.562500,0.000000,0.000000,0.000000,0,3,1;4;2;,,871.80;916.87;949.70;,0.017882,-0.125179,40.253933,0.053648,
213,-1,-1,-1,-1,1,2,1,2,872.02,950.30,c,78.28,1,1,1.00,1,10.00,0.000,46.000,0.000000,0.000000,0.000000,63058.824219,0.000000,0.000000,0.000000,5,3,1;4;2;,,872.00;917.02;950.30;,0.017882,-0.125179,40.253933,0.053648,
214,-1,-1,-1,-1,1,2,1,2,872.17,950.40,c,78.23,1,1,1.00,1,10.00,0.000,46.000,0.000000,0.000000,0.000000,63037.773438,0.000000,0.000000,0.000000,0,3,1;3;2;,,872.10;905.40;950.40;,0.017882,-0.125179,40.253933,0.053648,
215,-1,-1,-1,-1,1,2,1,2,872.32,951.00,c,78.68,1,1,1.00,1,10.00,0.000,46.000,0.000000,0.000000,0.000000,63229.031250,0.000000,0.000000,0.000000,10,3,1;3;2;,,872.30;906.00;951.00;,0.017882,-0.125179,40.253933,0.053648,
216,-1,-1,-1,-1,1,2,1,2,872.47,950.90,c,78.43,1,1,1.00,1,10.00,0.000,46.000,0.000000,0.000000,0.000000,63123.035156,0.000000,0.000000,0.000000,5,3,1;4;2;,,872.40;917.47;950.90;,0.017882,-0.125179,40.253933,0.053648,
217,-1,-1,-1,-1,1,2,1,2,872.62,951.60,c,78.98,1,1,1.00,1,10.00,0.000,46.000,0.000000,0.000000,0.000000,63356.757813,0.000000,0.000000,0.000000,0,3,1;3;2;,,872.60;906.60;951.60;,0.017882,-0.125179,40.253933,0.053648,
218,-1,-1,-1,-1,1,2,1,2,872.77,952.20,c,79.43,1,1,1.00,1,10.00,0.000,46.000,0.000000,0.000000,0.000000,63548.066406,0.000000,0.000000,0.000000,0,3,1;3;2;,,872.70;907.20;952.20;,0.017882,-0.125179,40.253933,0.053648,
219,-1,-1,-1,-1,1,2,1,2,872.92,951.50,c,78.58,1,1,1.00,1,10.00,0.000,46.000,0.000000,0.000000,0.000000,63187.195313,0.000000,0.000000,0.000000,15,3,1;4;2;,,872.90;917.92;951.50;,0.017882,-0.125179,40.253933,0.053648,
220,-1,-1,-1,-1,1,2,1,2,873.07,952.10,c,79.03,1,1,1.00,1,10.00,0.000,46.000,0.000000,0.000000,0.000000,63378.476563,0.000000,0.000000,0.000000,0,3,1;4;2;,,873.00;918.07;952.10;,0.017882,-0.125179,40.253933,0.053648,
221,-1,-1,-1,-1,1,2,1,2,873.22,952.80,c,79.58,1,1,1.00,1,10.00,0.000,46.000,0.000000,0.000000,0.000000,63612.226563,0.000000,0.000000,0.000000,5,3,1;3;2;,,873.20;907.80;952.80;,0.017882,-0.125179,40.253933,0.053648,
222,-1,-1,-1,-1,1,2,1,2,873.37,953.40,c,80.03,1,1,1.00,1,10.00,0.000,46.000,0.000000,0.000000,0.000000,63803.539063,0.000000,0.000000,0.000000,15,3,1;3;2;,,873.30;908.40;953.40;,0.017882,-0.125179,40.253933,0.053648,
223,-1,-1,-1,-1,1,2,1,2,873.52,952.70,c,79.18,1,1,1.00,1,10.00,0.000,46.000,0.000000,0.000000,0.000000,63442.664063,0.000000,0.000000,0.000000,0,3,1;4;2;,,873.50;918.52;952.70;,0.017882,-0.125179,40.253933,0.053648,
224,-1,-1,-1,-1,1,2,1,2,873.67,953.30,c,79.63,1,1,1.00,1,10.00,0.000,46.000,0.000000,0.000000,0.000000,63633.949219,0.000000,0.000000,0.000000,0,3,1;4;2;,,873.60;918.67;953.30;,0.017882,-0.125179,40.253933,0.053648,
225,-1,-1,-1,-1,1,2,1,2,873.82,954.00,c,80.18,1,1,1.00,1,10.00,0.000,46.000,0.000000,0.000000,0.000000,63867.722656,0.000000,0.000000,0.000000,10,3,1;3;2;,,873.80;909.00;954.00;,0.017882,-0.125179,40.253933,0.053648,
226,-1,-1,-1,-1,1,2,1,2,873.97,954.60,c,80.63,1,1,1.00,1,10.00,0.000,46.000,0.000000,0.000000,0.000000,64058.984375,0.000000,0.000000,0.000000,5,3,1;3;2;,,873.90;909.60;954.60;,0.017882,-0.125179,40.253933,0.053648,
227,-1,-1,-1,-1,1,2,1,2,874.11,953.90,c,79.79,1,1,1.00,1,10.00,0.000,46.000,0.000000,0.000000,0.000000,63698.160156,0.000000,0.000000,0.000000,10,3,1;4;2;,,874.10;919.11;953.90;,0.017882,-0.125179,40.253933,0.053648,
228,-1,-1,-1,-1,1,2,1,2,874.26,954.50,c,80.24,1,1,1.00,1,10.00,0.000,46.000,0.000000,0.000000,0.000000,63889.421875,0.000000,0.000000,0.000000,15,3,1;4;2;,,874.20;919.26;954.50;,0.017882,-0.125179,40.253933,0.053648,
229,-1,-1,-1,-1,1,2,1,2,874.41,955.20,c,80.79,1,1,1.00,1,10.00,0.000,46.000,0.000000,0.000000,0.000000,64123.195313,0.000000,0.000000,0.000000,0,3,1;3;2;,,874.40;910.20;955.20;,0.017882,-0.125179,40.253933,0.053648,
230,-1,-1,-1,-1,1,2,1,2,874.56,955.80,c,81.24,1,1,1.00,1,10.00,0.000,46.000,0.000000,0.000000,0.000000,64314.453125,0.000000,0.000000,0.000000,0,3,1;3;2;,,874.50;910.80;955.80;,0.017882,-0.125179,40.253933,0.053648,
231,-1,-1,-1,-1,1,2,1,2,874.71,955.10,c,80.39,1,1,1.00,1,10.00,0.000,46.000,0.000000,0.000000,0.000000,63953.605469,0.000000,0.000000,0.000000,0,3,1;4;2;,,874.70;919.71;955.10;,0.017882,-0.125179,40.253933,0.053648,
232,-1,-1,-1,-1,1,2,1,2,874.86,955.70,c,80.84,1,1,1.00,1,10.00,0.000,46.000,0.000000,0.000000,0.000000,64144.890625,0.000000,0.000000,0.000000,5,3,1;4;2;,,874.80;919.86;955.70;,0.017882,-0.125179,40.253933,0.053648,
233,-1,-1,-1,-1,1,2,1,2,875.01,956.40,c,81.39,1,1,1.00,1,10.00,0.000,46.000,0.000000,0.000000,0.000000,64378.664063,0.000000,0.000000,0.000000,10,3,1;3;2;,,875.00;911.40;956.40;,0.017882,-0.125179,40.253933,0.053648,
234,-1,-1,-1,-1,1,2,1,2,875.16,956.30,c,81.14,1,1,1.00,1,10.00,0.000,46.000,0.000000,0.000000,0.000000,64272.613281,0.000000,0.000000,0.000000,15,3,1;4;2;,,875.10;920.16;956.30;,0.017882,-0.125179,40.253933,0.053648,
235,-1,-1,-1,-1,1,2,1,2,875.31,956.90,c,81.59,1,1,1.00,1,10.00,0.000,46.000,0.000000,0.000000,0.000000,64463.925781,0.000000,0.000000,0.000000,10,3,1;4;2;,,875.30;920.31;956.90;,0.017882,-0.125179,40.253933,0.053648,
236,-1,-1,-1,-1,1,2,1,2,875.46,957.00,c,81.54,1,1,1.00,1,10.00,0.000,46.000,0.000000,0.000000,0.000000,64442.824219,0.000000,0.000000,0.000000,5,3,1;3;2;,,875.40;912.00;957.00;,0.017882,-0.125179,40.253933,0.053648,
237,-1,-1,-1,-1,1,2,1,2,875.61,957.60,c,81.99,1,1,1.00,1,10.00,0.000,46.000,0.000000,0.000000,0.000000,64634.109375,0.000000,0.000000,0.000000,0,3,1;3;2;,,875.60;912.60;957.60;,0.017882,-0.125179,40.253933,0.053648,
238,-1,-1,-1,-1,1,2,1,2,875.76,957.50,c,81.74,1,1,1.00,1,10.00,0.000,46.000,0.000000,0.000000,0.000000,64528.085938,0.000000,0.000000,0.000000,0,3,1;4;2;,,875.70;920.76;957.50;,0.017882,-0.125179,40.253933,0.053648,
239,-1,-1,-1,-1,1,2,1,2,875.91,958.10,c,82.19,1,1,1.00,1,10.00,0.000,46.000,0.000000,0.000000,0.000000,64719.367188,0.000000,0.000000,0.000000,5,3,1;4;2;,,875.90;920.91;958.10;,0.017882,-0.125179,40.253933,0.053648,
240,-1,-1,-1,-1,1,2,1,2,876.06,958.20,c,82.14,1,1,1.00,1,10.00,0.000,46.000,0.000000,0.000000,0.000000,64698.292969,0.000000,0.000000,0.000000,5,3,1;3;2;,,876.00;913.20;958.20;,0.017882,-0.125179,40.253933,0.053648,
241,-1,-1,-1,-1,1,2,1,2,876.21,958.80,c,82.59,1,1,1.00,1,10.00,0.000,46.000,0.000000,0.000000,0.000000,64889.578125,0.000000,0.000000,0.000000,5,3,1;3;2;,,876.20;913.80;958.80;,0.017882,-0.125179,40.253933,0.053648,
242,-1,-1,-1,-1,1,2,1,2,876.36,958.70,c,82.34,1,1,1.00,1,10.00,0.000,46.000,0.000000,0.000000,0.000000,64783.554688,0.000000,0.000000,0.000000,10,3,1;4;2;,,876.30;921.36;958.70;,0.017882,-0.125179,40.253933,0.053648,
243,-1,-1,-1,-1,1,2,1,2,876.51,959.30,c,82.79,1,1,1.00,1,10.00,0.000,46.000,0.000000,0.000000,0.000000,64974.839844,0.000000,0.000000,0.000000,15,3,1;4;2;,,876.50;921.51;959.30;,0.017882,-0.125179,40.253933,0.053648,
244,-1,-1,-1,-1,1,2,1,2,876.66,959.40,c,82.74,1,1,1.00,1,10.00,0.000,46.000,0.000000,0.000000,0.000000,64953.789063,0.000000,0.000000,0.000000,10,3,1;3;2;,,876.60;914.40;959.40;,0.017882,-0.125179,40.253933,0.053648,
245,-1,-1,-1,-1,1,2,1,2,876.81,960.00,c,83.19,1,1,1.00,1,10.00,0.000,46.000,0.000000,0.000000,0.000000,65145.050781,0.000000,0.000000,0.000000,0,3,1;3;2;,,876.80;915.00;960.00;,0.017882,-0.125179,40.253933,0.053648,
246,-1,-1,-1,-1,1,2,1,2,876.96,959.90,c,82.94,1,1,1.00,1,10.00,0.000,46.000,0.000000,0.000000,0.000000,65039.050781,0.000000,0.000000,0.000000,0,3,1;4;2;,,876.90;921.96;959.90;,0.017882,-0.125179,40.253933,0.053648,
247,-1,-1,-1,-1,1,2,1,2,877.11,960.10,c,82.99,1,1,1.00,1,10.00,0.000,46.000,0.000000,0.000000,0.000000,65060.414063,0.000000,0.000000,0.000000,15,3,1;4;2;,,877.10;922.11;960.10;,0.017882,-0.125179,40.253933,0.053648,
248,-1,-1,-1,-1,1,2,1,2,877.26,960.60,c,83.34,1,1,1.00,1,10.00,0.000,46.000,0.000000,0.000000,0.000000,65209.234375,0.000000,0.000000,0.000000,0,3,1;3;2;,,877.20;915.60;960.60;,0.017882,-0.125179,40.253933,0.053648,
249,-1,-1,-1,-1,1,2,1,2,877.41,961.20,c,83.79,1,1,1.00,1,10.00,0.000,46.000,0.000000,0.000000,0.000000,65400.519531,0.000000,0.000000,0.000000,10,3,1;3;2;,,877.40;916.20;961.20;,0.017882,-0.125179,40.253933,0.053648,
250,-1,-1,-1,-1,1,2,1,2,877.56,960.30,c,82.74,1,1,1.00,1,10.00,0.000,46.000,0.000000,0.000000,0.000000,64954.722656,0.000000,0.000000,0.000000,5,3,1;4;2;,,877.50;922.56;960.30;,0.017882,-0.125179,40.253933,0.053648,
251,-1,-1,-1,-1,1,2,1,2,877.71,961.80,c,84.09,1,1,1.00,1,10.00,0.000,46.000,0.000000,0.000000,0.000000,65528.242188,0.000000,0.000000,0.000000,15,3,1;3;2;,,877.70;916.80;961.80;,0.017882,-0.125179,40.253933,0.053648,
252,-1,-1,-1,-1,1,2,1,2,877.86,962.40,c,84.54,1,1,1.00,1,10.00,0.000,46.000,0.000000,0.000000,0.000000,65719.554688,0.000000,0.000000,0.000000,10,3,1;3;2;,,877.80;917.40;962.40;,0.017882,-0.125179,40.253933,0.053648,
253,-1,-1,-1,-1,1,2,1,2,878.01,960.50,c,82.49,1,1,1.00,1,10.00,0.000,46.000,0.000000,0.000000,0.000000,64849.007813,0.000000,0.000000,0.000000,10,3,1;4;2;,,878.00;923.01;960.50;,0.017882,-0.125179,40.253933,0.053648,
254,-1,-1,-1,-1,1,2,1,2,878.15,960.70,c,82.55,1,1,1.00,1,10.00,0.000,46.000,0.000000,0.000000,0.000000,64870.421875,0.000000,0.000000,0.000000,15,3,1;4;2;,,878.10;923.15;960.70;,0.017882,-0.125179,40.253933,0.053648,
255,-1,-1,-1,-1,1,2,1,2,878.30,963.00,c,84.70,1,1,1.00,1,10.00,0.000,46.000,0.000000,0.000000,0.000000,65783.710938,0.000000,0.000000,0.000000,15,3,1;3;2;,,878.30;918.00;963.00;,0.017882,-0.125179,40.253933,0.053648,
256,-1,-1,-1,-1,1,2,1,2,878.45,963.60,c,85.15,1,1,1.00,1,10.00,0.000,46.000,0.000000,0.000000,0.000000,65975.000000,0.000000,0.000000,0.000000,15,3,1;3;2;,,878.40;918.60;963.60;,0.017882,-0.125179,40.253933,0.053648,
257,-1,-1,-1,-1,1,2,1,2,878.60,960.90,c,82.30,1,1,1.00,1,10.00,0.000,46.000,0.000000,0.000000,0.000000,64764.710938,0.000000,0.000000,0.000000,15,3,1;4;2;,,878.60;923.60;960.90;,0.017882,-0.125179,40.253933,0.053648,
258,-1,-1,-1,-1,1,2,1,2,878.75,961.10,c,82.35,1,1,1.00,1,10.00,0.000,46.000,0.000000,0.000000,0.000000,64786.093750,0.000000,0.000000,0.000000,10,3,1;4;2;,,878.70;923.75;961.10;,0.017882,-0.125179,40.253933,0.053648,
259,-1,-1,-1,-1,1,2,1,2,878.90,964.20,c,85.30,1,1,1.00,1,10.00,0.000,46.000,0.000000,0.000000,0.000000,66039.210938,0.000000,0.000000,0.000000,0,3,1;3;2;,,878.90;919.20;964.20;,0.017882,-0.125179,40.253933,0.053648,
260,-1,-1,-1,-1,1,2,1,2,879.05,964.80,c,85.75,1,1,1.00,1,10.00,0.000,46.000,0.000000,0.000000,0.000000,66230.468750,0.000000,0.000000,0.000000,5,3,1;3;2;,,879.00;919.80;964.80;,0.017882,-0.125179,40.253933,0.053648,
261,-1,-1,-1,-1,1,2,1,2,879.20,961.30,c,82.10,1,1,1.00,1,10.00,0.000,46.000,0.000000,0.000000,0.000000,64680.382813,0.000000,0.000000,0.000000,10,3,1;4;2;,,879.20;924.20;961.30;,0.017882,-0.125179,40.253933,0.053648,
262,-1,-1,-1,-1,1,2,1,2,879.35,961.50,c,82.15,1,1,1.00,1,10.00,0.000,46.000,0.000000,0.000000,0.000000,64701.792969,0.000000,0.000000,0.000000,15,3,1;4;2;,,879.30;924.35;961.50;,0.017882,-0.125179,40.253933,0.053648,
263,-1,-1,-1,-1,1,2,1,2,879.50,965.40,c,85.90,1,1,1.00,1,10.00,0.000,46.000,0.000000,0.000000,0.000000,66294.679688,0.000000,0.000000,0.000000,5,3,1;3;2;,,879.50;920.40;965.40;,0.017882,-0.125179,40.253933,0.053648,
264,-1,-1,-1,-1,1,2,1,2,879.65,966.00,c,86.35,1,1,1.00,1,10.00,0.000,46.000,0.000000,0.000000,0.000000,66485.937500,0.000000,0.000000,0.000000,0,3,1;3;2;,,879.60;921.00;966.00;,0.017882,-0.125179,40.253933,0.053648,
265,-1,-1,-1,-1,1,2,1,2,879.80,961.70,c,81.90,1,1,1.00,1,10.00,0.000,46.000,0.000000,0.000000,0.000000,64596.105469,0.000000,0.000000,0.000000,10,3,1;4;2;,,879.80;924.80;961.70;,0.017882,-0.125179,40.253933,0.053648,
266,-1,-1,-1,-1,1,2,1,2,879.95,961.90,c,81.95,1,1,1.00,1,10.00,0.000,46.000,0.000000,0.000000,0.000000,64617.492188,0.000000,0.000000,0.000000,5,3,1;4;2;,,879.90;924.95;961.90;,0.017882,-0.125179,40.253933,0.053648,
267,-1,-1,-1,-1,1,2,1,2,880.10,966.60,c,86.50,1,1,1.00,1,10.00,0.000,46.000,0.000000,0.000000,0.000000,66550.125000,0.000000,0.000000,0.000000,15,3,1;3;2;,,880.00;921.60;966.60;,0.017882,-0.125179,40.253933,0.053648,
268,-1,-1,-1,-1,1,2,1,2,880.25,962.10,c,81.85,1,1,1.00,1,10.00,0.000,46.000,0.000000,0.000000,0.000000,64575.316406,0.000000,0.000000,0.000000,5,3,1;4;2;,,880.20;925.25;962.10;,0.017882,-0.125179,40.253933,0.053648,
269,-1,-1,-1,-1,1,2,1,2,880.40,962.30,c,81.90,1,1,1.00,1,10.00,0.000,46.000,0.000000,0.000000,0.000000,64596.726563,0.000000,0.000000,0.000000,5,3,1;4;2;,,880.30;925.40;962.30;,0.017882,-0.125179,40.253933,0.053648,
270,-1,-1,-1,-1,1,2,1,2,880.55,967.20,c,86.65,1,1,1.00,1,10.00,0.000,46.000,0.000000,0.000000,0.000000,66614.312500,0.000000,0.000000,0.000000,10,3,1;3;2;,,880.50;922.20;967.20;,0.017882,-0.125179,40.253933,0.053648,
271,-1,-1,-1,-1,1,2,1,2,880.70,967.80,c,87.10,1,1,1.00,1,10.00,0.000,46.000,0.000000,0.000000,0.000000,66805.593750,0.000000,0.000000,0.000000,15,3,1;3;2;,,880.60;922.80;967.80;,0.017882,-0.125179,40.253933,0.053648,
272,-1,-1,-1,-1,1,2,1,2,880.85,962.50,c,81.65,1,1,1.00,1,10.00,0.000,46.000,0.000000,0.000000,0.000000,64491.015625,0.000000,0.000000,0.000000,15,3,1;4;2;,,880.80;925.85;962.50;,0.017882,-0.125179,40.253933,0.053648,
273,-1,-1,-1,-1,1,2,1,2,881.00,962.70,c,81.70,1,1,1.00,1,10.00,0.000,46.000,0.000000,0.000000,0.000000,64512.425781,0.000000,0.000000,0.000000,5,3,1;4;2;,,880.90;926.00;962.70;,0.017882,-0.125179,40.253933,0.053648,
274,-1,-1,-1,-1,1,2,1,2,881.15,968.40,c,87.25,1,1,1.00,1,10.00,0.000,46.000,0.000000,0.000000,0.000000,66869.781250,0.000000,0.000000,0.000000,15,3,1;3;2;,,881.10;923.40;968.40;,0.017882,-0.125179,40.253933,0.053648,
275,-1,-1,-1,-1,1,2,1,2,881.30,969.00,c,87.70,1,1,1.00,1,10.00,0.000,46.000,0.000000,0.000000,0.000000,67061.062500,0.000000,0.000000,0.000000,5,3,1;3;2;,,881.20;924.00;969.00;,0.017882,-0.125179,40.253933,0.053648,
276,-1,-1,-1,-1,1,2,1,2,881.45,962.90,c,81.45,1,1,1.00,1,10.00,0.000,46.000,0.000000,0.000000,0.000000,64406.710938,0.000000,0.000000,0.000000,5,3,1;4;2;,,881.40;926.45;962.90;,0.017882,-0.125179,40.253933,0.053648,
277,-1,-1,-1,-1,1,2,1,2,881.60,963.10,c,81.50,1,1,1.00,1,10.00,0.000,46.000,0.000000,0.000000,0.000000,64428.097656,0.000000,0.000000,0.000000,5,3,1;4;2;,,881.50;926.60;963.10;,0.017882,-0.125179,40.253933,0.053648,
278,-1,-1,-1,-1,1,2,1,2,881.75,969.60,c,87.85,1,1,1.00,1,10.00,0.000,46.000,0.000000,0.000000,0.000000,67125.250000,0.000000,0.000000,0.000000,10,3,1;3;2;,,881.70;924.60;969.60;,0.017882,-0.125179,40.253933,0.053648,
279,-1,-1,-1,-1,1,2,1,2,881.90,970.20,c,88.30,1,1,1.00,1,10.00,0.000,46.000,0.000000,0.000000,0.000000,67316.539063,0.000000,0.000000,0.000000,0,3,1;3;2;,,881.80;925.20;970.20;,0.017882,-0.125179,40.253933,0.053648,
280,-1,-1,-1,-1,1,2,1,2,882.04,963.30,c,81.26,1,1,1.00,1,10.00,0.000,46.000,0.000000,0.000000,0.000000,64322.410156,0.000000,0.000000,0.000000,5,3,1;4;2;,,882.00;927.04;963.30;,0.017882,-0.125179,40.253933,0.053648,
281,-1,-1,-1,-1,1,2,1,2,882.19,963.50,c,81.31,1,1,1.00,1,10.00,0.000,46.000,0.000000,0.000000,0.000000,64343.796875,0.000000,0.000000,0.000000,0,3,1;4;2;,,882.10;927.19;963.50;,0.017882,-0.125179,40.253933,0.053648,
282,-1,-1,-1,-1,1,2,1,2,882.34,970.80,c,88.46,1,1,1.00,1,10.00,0.000,46.000,0.000000,0.000000,0.000000,67380.718750,0.000000,0.000000,0.000000,5,3,1;3;2;,,882.30;925.80;970.80;,0.017882,-0.125179,40.253933,0.053648,
283,-1,-1,-1,-1,1,2,1,2,882.49,971.40,c,88.91,1,1,1.00,1,10.00,0.000,46.000,0.000000,0.000000,0.000000,67572.007813,0.000000,0.000000,0.000000,10,3,1;3;2;,,882.40;926.40;971.40;,0.017882,-0.125179,40.253933,0.053648,
284,-1,-1,-1,-1,1,2,1,2,882.64,963.70,c,81.06,1,1,1.00,1,10.00,0.000,46.000,0.000000,0.000000,0.000000,64238.109375,0.000000,0.000000,0.000000,0,3,1;4;2;,,882.60;927.64;963.70;,0.017882,-0.125179,40.253933,0.053648,
285,-1,-1,-1,-1,1,2,1,2,882.79,972.00,c,89.21,1,1,1.00,1,10.00,0.000,46.000,0.000000,0.000000,0.000000,67699.734375,0.000000,0.000000,0.000000,15,3,1;3;2;,,882.70;927.00;972.00;,0.017882,-0.125179,40.253933,0.053648,
286,-1,-1,-1,-1,1,2,1,2,882.94,972.60,c,89.66,1,1,1.00,1,10.00,0.000,46.000,0.000000,0.000000,0.000000,67891.015625,0.000000,0.000000,0.000000,15,3,1;3;2;,,882.90;927.60;972.60;,0.017882,-0.125179,40.253933,0.053648,
287,-1,-1,-1,-1,1,2,1,2,883.09,963.90,c,80.81,1,1,1.00,1,10.00,0.000,46.000,0.000000,0.000000,0.000000,64132.394531,0.000000,0.000000,0.000000,15,3,1;4;2;,,883.00;928.09;963.90;,0.017882,-0.125179,40.253933,0.053648,
288,-1,-1,-1,-1,1,2,1,2,883.24,964.10,c,80.86,1,1,1.00,1,10.00,0.000,46.000,0.000000,0.000000,0.000000,64153.781250,0.000000,0.000000,0.000000,0,3,1;4;2;,,883.20;928.24;964.10;,0.017882,-0.125179,40.253933,0.053648,
289,-1,-1,-1,-1,1,2,1,2,883.39,973.20,c,89.81,1,1,1.00,1,10.00,0.000,46.000,0.000000,0.000000,0.000000,67955.203125,0.000000,0.000000,0.000000,10,3,1;3;2;,,883.30;928.20;973.20;,0.017882,-0.125179,40.253933,0.053648,
290,-1,-1,-1,-1,1,2,1,2,883.54,973.80,c,90.26,1,1,1.00,1,10.00,0.000,46.000,0.000000,0.000000,0.000000,68146.484375,0.000000,0.000000,0.000000,0,3,1;3;2;,,883.50;928.80;973.80;,0.017882,-0.125179,40.253933,0.053648,
291,-1,-1,-1,-1,1,2,1,2,883.69,964.30,c,80.61,1,1,1.00,1,10.00,0.000,46.000,0.000000,0.000000,0.000000,64048.070313,0.000000,0.000000,0.000000,10,3,1;4;2;,,883.60;928.69;964.30;,0.017882,-0.125179,40.253933,0.053648,
292,-1,-1,-1,-1,1,2,1,2,883.84,964.50,c,80.66,1,1,1.00,1,10.00,0.000,46.000,0.000000,0.000000,0.000000,64069.480469,0.000000,0.000000,0.000000,0,3,1;4;2;,,883.80;928.84;964.50;,0.017882,-0.125179,40.253933,0.053648,
293,-1,-1,-1,-1,1,2,1,2,883.99,974.40,c,90.41,1,1,1.00,1,10.00,0.000,46.000,0.000000,0.000000,0.000000,68210.671875,0.000000,0.000000,0.000000,0,3,1;3;2;,,883.90;929.40;974.40;,0.017882,-0.125179,40.253933,0.053648,
294,-1,-1,-1,-1,1,2,1,2,884.14,975.00,c,90.86,1,1,1.00,1,10.00,0.000,46.000,0.000000,0.000000,0.000000,68401.953125,0.000000,0.000000,0.000000,15,3,1;3;2;,,884.10;930.00;975.00;,0.017882,-0.125179,40.253933,0.053648,
295,-1,-1,-1,-1,1,2,1,2,884.29,964.70,c,80.41,1,1,1.00,1,10.00,0.000,46.000,0.000000,0.000000,0.000000,63963.765625,0.000000,0.000000,0.000000,0,3,1;4;2;,,884.20;929.29;964.70;,0.017882,-0.125179,40.253933,0.053648,
296,-1,-1,-1,-1,1,2,1,2,884.44,964.90,c,80.46,1,1,1.00,1,10.00,0.000,46.000,0.000000,0.000000,0.000000,63985.179688,0.000000,0.000000,0.000000,10,3,1;4;2;,,884.40;929.44;964.90;,0.017882,-0.125179,40.253933,0.053648,
297,-1,-1,-1,-1,1,2,1,2,884.59,975.60,c,91.01,1,1,1.00,1,10.00,0.000,46.000,0.000000,0.000000,0.000000,68466.140625,0.000000,0.000000,0.000000,0,3,1;3;2;,,884.50;930.60;975.60;,0.017882,-0.125179,40.253933,0.053648,
298,-1,-1,-1,-1,1,2,1,2,884.74,976.20,c,91.46,1,1,1.00,1,10.00,0.000,46.000,0.000000,0.000000,0.000000,68657.429688,0.000000,0.000000,0.000000,15,3,1;3;2;,,884.70;931.20;976.20;,0.017882,-0.125179,40.253933,0.053648,
299,-1,-1,-1,-1,1,2,1,2,884.89,965.10,c,80.21,1,1,1.00,1,10.00,0.000,46.000,0.000000,0.000000,0.000000,63879.464844,0.000000,0.000000,0.000000,5,3,1;4;2;,,884.80;929.89;965.10;,0.017882,-0.125179,40.253933,0.053648,
300,-1,-1,-1,-1,1,2,1,2,885.04,976.80,c,91.76,1,1,1.00,1,10.00,0.000,46.000,0.000000,0.000000,0.000000,68785.148438,0.000000,0.000000,0.000000,0,3,1;3;2;,,885.00;931.80;976.80;,0.017882,-0.125179,40.253933,0.053648,
301,-1,-1,-1,-1,1,2,1,2,885.19,977.30,c,92.11,1,1,1.00,1,10.00,0.000,46.000,0.000000,0.000000,0.000000,68933.968750,0.000000,0.000000,0.000000,15,3,1;3;2;,,885.10;932.30;977.30;,0.017882,-0.125179,40.253933,0.053648,
302,-1,-1,-1,-1,1,2,1,2,885.34,965.30,c,79.96,1,1,1.00,1,10.00,0.000,46.000,0.000000,0.000000,0.000000,63773.750000,0.000000,0.000000,0.000000,0,3,1;4;2;,,885.30;930.34;965.30;,0.017882,-0.125179,40.253933,0.053648,
303,-1,-1,-1,-1,1,2,1,2,885.49,965.50,c,80.01,1,1,1.00,1,10.00,0.000,46.000,0.000000,0.000000,0.000000,63795.164063,0.000000,0.000000,0.000000,10,3,1;4;2;,,885.40;930.49;965.50;,0.017882,-0.125179,40.253933,0.053648,
304,-1,-1,-1,-1,1,2,1,2,885.64,977.90,c,92.26,1,1,1.00,1,10.00,0.000,46.000,0.000000,0.000000,0.000000,68998.156250,0.000000,0.000000,0.000000,5,3,1;3;2;,,885.60;932.90;977.90;,0.017882,-0.125179,40.253933,0.053648,
305,-1,-1,-1,-1,1,2,1,2,885.79,978.50,c,92.71,1,1,1.00,1,10.00,0.000,46.000,0.000000,0.000000,0.000000,69189.445313,0.000000,0.000000,0.000000,0,3,1;3;2;,,885.70;933.50;978.50;,0.017882,-0.125179,40.253933,0.053648,
306,-1,-1,-1,-1,1,2,1,2,885.94,965.70,c,79.76,1,1,1.00,1,10.00,0.000,46.000,0.000000,0.000000,0.000000,63689.449219,0.000000,0.000000,0.000000,15,3,1;4;2;,,885.90;930.94;965.70;,0.017882,-0.125179,40.253933,0.053648,
307,-1,-1,-1,-1,1,2,1,2,886.08,965.90,c,79.82,1,1,1.00,1,10.00,0.000,46.000,0.000000,0.000000,0.000000,63710.863281,0.000000,0.000000,0.000000,10,3,1;4;2;,,886.00;931.08;965.90;,0.017882,-0.125179,40.253933,0.053648,
308,-1,-1,-1,-1,1,2,1,2,886.23,979.10,c,92.87,1,1,1.00,1,10.00,0.000,46.000,0.000000,0.000000,0.000000,69253.601563,0.000000,0.000000,0.000000,10,3,1;3;2;,,886.20;934.10;979.10;,0.017882,-0.125179,40.253933,0.053648,
309,-1,-1,-1,-1,1,2,1,2,886.38,979.70,c,93.32,1,1,1.00,1,10.00,0.000,46.000,0.000000,0.000000,0.000000,69444.914063,0.000000,0.000000,0.000000,15,3,1;3;2;,,886.30;934.70;979.70;,0.017882,-0.125179,40.253933,0.053648,
310,-1,-1,-1,-1,1,2,1,2,886.53,966.10,c,79.57,1,1,1.00,1,10.00,0.000,46.000,0.000000,0.000000,0.000000,63605.125000,0.000000,0.000000,0.000000,10,3,1;4;2;,,886.50;931.53;966.10;,0.017882,-0.125179,40.253933,0.053648,
311,-1,-1,-1,-1,1,2,1,2,886.68,966.30,c,79.62,1,1,1.00,1,10.00,0.000,46.000,0.000000,0.000000,0.000000,63626.535156,0.000000,0.000000,0.000000,10,3,1;4;2;,,886.60;931.68;966.30;,0.017882,-0.125179,40.253933,0.053648,
312,-1,-1,-1,-1,1,2,1,2,886.83,980.30,c,93.47,1,1,1.00,1,10.00,0.000,46.000,0.000000,0.000000,0.000000,69509.101563,0.000000,0.000000,0.000000,5,3,1;3;2;,,886.80;935.30;980.30;,0.017882,-0.125179,40.253933,0.053648,
313,-1,-1,-1,-1,1,2,1,2,886.98,980.90,c,93.92,1,1,1.00,1,10.00,0.000,46.000,0.000000,0.000000,0.000000,69700.382813,0.000000,0.000000,0.000000,5,3,1;3;2;,,886.90;935.90;980.90;,0.017882,-0.125179,40.253933,0.053648,
314,-1,-1,-1,-1,1,2,1,2,887.13,966.50,c,79.37,1,1,1.00,1,10.00,0.000,46.000,0.000000,0.000000,0.000000,63520.820313,0.000000,0.000000,0.000000,5,3,1;4;2;,,887.10;932.13;966.50;,0.017882,-0.125179,40.253933,0.053648,
315,-1,-1,-1,-1,1,2,1,2,887.28,966.70,c,79.42,1,1,1.00,1,10.00,0.000,46.000,0.000000,0.000000,0.000000,63542.234375,0.000000,0.000000,0.000000,5,3,1;4;2;,,887.20;932.28;966.70;,0.017882,-0.125179,40.253933,0.053648,
316,-1,-1,-1,-1,1,2,1,2,887.43,981.50,c,94.07,1,1,1.00,1,10.00,0.000,46.000,0.000000,0.000000,0.000000,69764.570313,0.000000,0.000000,0.000000,15,3,1;3;2;,,887.40;936.50;981.50;,0.017882,-0.125179,40.253933,0.053648,
317,-1,-1,-1,-1,1,2,1,2,887.58,966.90,c,79.32,1,1,1.00,1,10.00,0.000,46.000,0.000000,0.000000,0.000000,63500.082031,0.000000,0.000000,0.000000,15,3,1;4;2;,,887.50;932.58;966.90;,0.017882,-0.125179,40.253933,0.053648,
318,-1,-1,-1,-1,1,2,1,2,887.73,967.10,c,79.37,1,1,1.00,1,10.00,0.000,46.000,0.000000,0.000000,0.000000,63521.468750,0.000000,0.000000,0.000000,5,3,1;4;2;,,887.70;932.73;967.10;,0.017882,-0.125179,40.253933,0.053648,
319,-1,-1,-1,-1,1,2,1,2,887.88,982.10,c,94.22,1,1,1.00,1,10.00,0.000,46.000,0.000000,0.000000,0.000000,69828.734375,0.000000,0.000000,0.000000,15,3,1;3;2;,,887.80;937.10;982.10;,0.017882,-0.125179,40.253933,0.053648,
320,-1,-1,-1,-1,1,2,1,2,888.03,982.70,c,94.67,1,1,1.00,1,10.00,0.000,46.000,0.000000,0.000000,0.000000,70020.039063,0.000000,0.000000,0.000000,0,3,1;3;2;,,888.00;937.70;982.70;,0.017882,-0.125179,40.253933,0.053648,
321,-1,-1,-1,-1,1,2,1,2,888.18,967.30,c,79.12,1,1,1.00,1,10.00,0.000,46.000,0.000000,0.000000,0.000000,63415.757813,0.000000,0.000000,0.000000,0,3,1;4;2;,,888.10;933.18;967.30;,0.017882,-0.125179,40.253933,0.053648,
322,-1,-1,-1,-1,1,2,1,2,888.33,967.50,c,79.17,1,1,1.00,1,10.00,0.000,46.000,0.000000,0.000000,0.000000,63437.167969,0.000000,0.000000,0.000000,0,3,1;4;2;,,888.30;933.33;967.50;,0.017882,-0.125179,40.253933,0.053648,
323,-1,-1,-1,-1,1,2,1,2,888.48,983.30,c,94.82,1,1,1.00,1,10.00,0.000,46.000,0.000000,0.000000,0.000000,70084.203125,0.000000,0.000000,0.000000,5,3,1;3;2;,,888.40;938.30;983.30;,0.017882,-0.125179,40.253933,0.053648,
324,-1,-1,-1,-1,1,2,1,2,888.63,983.90,c,95.27,1,1,1.00,1,10.00,0.000,46.000,0.000000,0.000000,0.000000,70275.515625,0.000000,0.000000,0.000000,5,3,1;3;2;,,888.60;938.90;983.90;,0.017882,-0.125179,40.253933,0.053648,
325,-1,-1,-1,-1,1,2,1,2,888.78,967.70,c,78.92,1,1,1.00,1,10.00,0.000,46.000,0.000000,0.000000,0.000000,63331.453125,0.000000,0.000000,0.000000,10,3,1;4;2;,,888.70;933.78;967.70;,0.017882,-0.125179,40.253933,0.053648,
326,-1,-1,-1,-1,1,2,1,2,888.93,967.90,c,78.97,1,1,1.00,1,10.00,0.000,46.000,0.000000,0.000000,0.000000,63352.867188,0.000000,0.000000,0.000000,0,3,1;4;2;,,888.90;933.93;967.90;,0.017882,-0.125179,40.253933,0.053648,
327,-1,-1,-1,-1,1,2,1,2,889.08,984.50,c,95.42,1,1,1.00,1,10.00,0.000,46.000,0.000000,0.000000,0.000000,70339.671875,0.000000,0.000000,0.000000,10,3,1;3;2;,,889.00;939.50;984.50;,0.017882,-0.125179,40.253933,0.053648,
328,-1,-1,-1,-1,1,2,1,2,889.23,985.10,c,95.87,1,1,1.00,1,10.00,0.000,46.000,0.000000,0.000000,0.000000,70530.953125,0.000000,0.000000,0.000000,15,3,1;3;2;,,889.20;940.10;985.10;,0.017882,-0.125179,40.253933,0.053648,
329,-1,-1,-1,-1,1,2,1,2,889.38,968.10,c,78.72,1,1,1.00,1,10.00,0.000,46.000,0.000000,0.000000,0.000000,63247.125000,0.000000,0.000000,0.000000,15,3,1;4;2;,,889.30;934.38;968.10;,0.017882,-0.125179,40.253933,0.053648,
330,-1,-1,-1,-1,1,2,1,2,889.53,968.30,c,78.77,1,1,1.00,1,10.00,0.000,46.000,0.000000,0.000000,0.000000,63268.539063,0.000000,0.000000,0.000000,5,3,1;4;2;,,889.50;934.53;968.30;,0.017882,-0.125179,40.253933,0.053648,
331,-1,-1,-1,-1,1,2,1,2,889.68,985.70,c,96.02,1,1,1.00,1,10.00,0.000,46.000,0.000000,0.000000,0.000000,70595.171875,0.000000,0.000000,0.000000,5,3,1;3;2;,,889.60;940.70;985.70;,0.017882,-0.125179,40.253933,0.053648,
332,-1,-1,-1,-1,1,2,1,2,889.83,986.30,c,96.47,1,1,1.00,1,10.00,0.000,46.000,0.000000,0.000000,0.000000,70786.429688,0.000000,0.000000,0.000000,15,3,1;3;2;,,889.80;941.30;986.30;,0.017882,-0.125179,40.253933,0.053648,
333,-1,-1,-1,-1,1,2,1,2,889.98,968.50,c,78.52,1,1,1.00,1,10.00,0.000,46.000,0.000000,0.000000,0.000000,63162.851563,0.000000,0.000000,0.000000,5,3,1;4;2;,,889.90;934.98;968.50;,0.017882,-0.125179,40.253933,0.053648,
334,-1,-1,-1,-1,1,2,1,2,890.12,986.90,c,96.78,1,1,1.00,1,10.00,0.000,46.000,0.000000,0.000000,0.000000,70914.171875,0.000000,0.000000,0.000000,10,3,1;3;2;,,890.10;941.90;986.90;,0.017882,-0.125179,40.253933,0.053648,
335,-1,-1,-1,-1,1,2,1,2,890.27,987.50,c,97.23,1,1,1.00,1,10.00,0.000,46.000,0.000000,0.000000,0.000000,71105.460938,0.000000,0.000000,0.000000,0,3,1;3;2;,,890.20;942.50;987.50;,0.017882,-0.125179,40.253933,0.053648,
336,-1,-1,-1,-1,1,2,1,2,890.42,968.70,c,78.28,1,1,1.00,1,10.00,0.000,46.000,0.000000,0.000000,0.000000,63057.136719,0.000000,0.000000,0.000000,10,3,1;4;2;,,890.40;935.42;968.70;,0.017882,-0.125179,40.253933,0.053648,
337,-1,-1,-1,-1,1,2,1,2,890.57,968.90,c,78.33,1,1,1.00,1,10.00,0.000,46.000,0.000000,0.000000,0.000000,63078.550781,0.000000,0.000000,0.000000,0,3,1;4;2;,,890.50;935.57;968.90;,0.017882,-0.125179,40.253933,0.053648,
338,-1,-1,-1,-1,1,2,1,2,890.72,988.10,c,97.38,1,1,1.00,1,10.00,0.000,46.000,0.000000,0.000000,0.000000,71169.617188,0.000000,0.000000,0.000000,5,3,1;3;2;,,890.70;943.10;988.10;,0.017882,-0.125179,40.253933,0.053648,
339,-1,-1,-1,-1,1,2,1,2,890.87,988.70,c,97.83,1,1,1.00,1,10.00,0.000,46.000,0.000000,0.000000,0.000000,71360.929688,0.000000,0.000000,0.000000,0,3,1;3;2;,,890.80;943.70;988.70;,0.017882,-0.125179,40.253933,0.053648,
340,-1,-1,-1,-1,1,2,1,2,891.02,969.10,c,78.08,1,1,1.00,1,10.00,0.000,46.000,0.000000,0.000000,0.000000,62972.812500,0.000000,0.000000,0.000000,5,3,1;4;2;,,891.00;936.02;969.10;,0.017882,-0.125179,40.253933,0.053648,
341,-1,-1,-1,-1,1,2,1,2,891.17,969.30,c,78.13,1,1,1.00,1,10.00,0.000,46.000,0.000000,0.000000,0.000000,62994.222656,0.000000,0.000000,0.000000,5,3,1;4;2;,,891.10;936.17;969.30;,0.017882,-0.125179,40.253933,0.053648,
342,-1,-1,-1,-1,1,2,1,2,891.32,989.30,c,97.98,1,1,1.00,1,10.00,0.000,46.000,0.000000,0.000000,0.000000,71425.093750,0.000000,0.000000,0.000000,5,3,1;3;2;,,891.30;944.30;989.30;,0.017882,-0.125179,40.253933,0.053648,
343,-1,-1,-1,-1,1,2,1,2,891.47,989.90,c,98.43,1,1,1.00,1,10.00,0.000,46.000,0.000000,0.000000,0.000000,71616.406250,0.000000,0.000000,0.000000,5,3,1;3;2;,,891.40;944.90;989.90;,0.017882,-0.125179,40.253933,0.053648,
344,-1,-1,-1,-1,1,2,1,2,891.62,969.50,c,77.88,1,1,1.00,1,10.00,0.000,46.000,0.000000,0.000000,0.000000,62888.507813,0.000000,0.000000,0.000000,0,3,1;4;2;,,891.60;936.62;969.50;,0.017882,-0.125179,40.253933,0.053648,
345,-1,-1,-1,-1,1,2,1,2,891.77,969.70,c,77.93,1,1,1.00,1,10.00,0.000,46.000,0.000000,0.000000,0.000000,62909.921875,0.000000,0.000000,0.000000,15,3,1;4;2;,,891.70;936.77;969.70;,0.017882,-0.125179,40.253933,0.053648,
346,-1,-1,-1,-1,1,2,1,2,891.92,990.50,c,98.58,1,1,1.00,1,10.00,0.000,46.000,0.000000,0.000000,0.000000,71680.562500,0.000000,0.000000,0.000000,0,3,1;3;2;,,891.90;945.50;990.50;,0.017882,-0.125179,40.253933,0.053648,
347,-1,-1,-1,-1,1,2,1,2,892.07,991.10,c,99.03,1,1,1.00,1,10.00,0.000,46.000,0.000000,0.000000,0.000000,71871.843750,0.000000,0.000000,0.000000,0,3,1;3;2;,,892.00;946.10;991.10;,0.017882,-0.125179,40.253933,0.053648,
348,-1,-1,-1,-1,1,2,1,2,892.22,969.90,c,77.68,1,1,1.00,1,10.00,0.000,46.000,0.000000,0.000000,0.000000,62804.207031,0.000000,0.000000,0.000000,0,3,1;4;2;,,892.20;937.22;969.90;,0.017882,-0.125179,40.253933,0.053648,
349,-1,-1,-1,-1,1,2,1,2,892.37,970.10,c,77.73,1,1,1.00,1,10.00,0.000,46.000,0.000000,0.000000,0.000000,62825.593750,0.000000,0.000000,0.000000,15,3,1;4;2;,,892.30;937.37;970.10;,0.017882,-0.125179,40.253933,0.053648,
350,-1,-1,-1,-1,1,2,1,2,892.52,991.70,c,99.18,1,1,1.00,1,10.00,0.000,46.000,0.000000,0.000000,0.000000,71936.062500,0.000000,0.000000,0.000000,15,3,1;3;2;,,892.50;946.70;991.70;,0.017882,-0.125179,40.253933,0.053648,
351,-1,-1,-1,-1,1,2,1,2,892.67,970.30,c,77.63,1,1,1.00,1,10.00,0.000,46.000,0.000000,0.000000,0.000000,62783.445313,0.000000,0.000000,0.000000,10,3,1;4;2;,,892.60;937.67;970.30;,0.017882,-0.125179,40.253933,0.053648,
352,-1,-1,-1,-1,1,2,1,2,892.82,970.50,c,77.68,1,1,1.00,1,10.00,0.000,46.000,0.000000,0.000000,0.000000,62804.855469,0.000000,0.000000,0.000000,10,3,1;4;2;,,892.80;937.82;970.50;,0.017882,-0.125179,40.253933,0.053648,
353,-1,-1,-1,-1,1,2,1,2,892.97,992.30,c,99.33,1,1,1.00,1,10.00,0.000,46.000,0.000000,0.000000,0.000000,72000.218750,0.000000,0.000000,0.000000,0,3,1;3;2;,,892.90;947.30;992.30;,0.017882,-0.125179,40.253933,0.053648,
354,-1,-1,-1,-1,1,2,1,2,893.12,992.90,c,99.78,1,1,1.00,1,10.00,0.000,46.000,0.000000,0.000000,0.000000,72191.531250,0.000000,0.000000,0.000000,5,3,1;3;2;,,893.10;947.90;992.90;,0.017882,-0.125179,40.253933,0.053648,
355,-1,-1,-1,-1,1,2,1,2,893.27,970.70,c,77.43,1,1,1.00,1,10.00,0.000,46.000,0.000000,0.000000,0.000000,62699.140625,0.000000,0.000000,0.000000,15,3,1;4;2;,,893.20;938.27;970.70;,0.017882,-0.125179,40.253933,0.053648,
356,-1,-1,-1,-1,1,2,1,2,893.42,970.90,c,77.48,1,1,1.00,1,10.00,0.000,46.000,0.000000,0.000000,0.000000,62720.554688,0.000000,0.000000,0.000000,10,3,1;4;2;,,893.40;938.42;970.90;,0.017882,-0.125179,40.253933,0.053648,
357,-1,-1,-1,-1,1,2,1,2,893.57,993.50,c,99.93,1,1,1.00,1,10.00,0.000,46.000,0.000000,0.000000,0.000000,72255.687500,0.000000,0.000000,0.000000,15,3,1;3;2;,,893.50;948.50;993.50;,0.017882,-0.125179,40.253933,0.053648,
358,-1,-1,-1,-1,1,2,1,2,893.72,994.10,c,100.38,1,1,1.00,1,10.00,0.000,46.000,0.000000,0.000000,0.000000,72446.968750,0.000000,0.000000,0.000000,15,3,1;3;2;,,893.70;949.10;994.10;,0.017882,-0.125179,40.253933,0.053648,
359,-1,-1,-1,-1,1,2,1,2,893.87,971.10,c,77.23,1,1,1.00,1,10.00,0.000,46.000,0.000000,0.000000,0.000000,62614.812500,0.000000,0.000000,0.000000,5,3,1;4;2;,,893.80;938.87;971.10;,0.017882,-0.125179,40.253933,0.053648,
360,-1,-1,-1,-1,1,2,1,2,894.01,971.30,c,77.29,1,1,1.00,1,10.00,0.000,46.000,0.000000,0.000000,0.000000,62636.226563,0.000000,0.000000,0.000000,10,3,1;4;2;,,894.00;939.01;971.30;,0.017882,-0.125179,40.253933,0.053648,
361,-1,-1,-1,-1,1,2,1,2,894.16,994.70,c,100.54,1,1,1.00,1,10.00,0.000,46.000,0.000000,0.000000,0.000000,72511.156250,0.000000,0.000000,0.000000,0,3,1;3;2;,,894.10;949.70;994.70;,0.017882,-0.125179,40.253933,0.053648,
362,-1,-1,-1,-1,1,2,1,2,894.31,995.30,c,100.99,1,1,1.00,1,10.00,0.000,46.000,0.000000,0.000000,0.000000,72702.445313,0.000000,0.000000,0.000000,5,3,1;3;2;,,894.30;950.30;995.30;,0.017882,-0.125179,40.253933,0.053648,
363,-1,-1,-1,-1,1,2,1,2,894.46,971.50,c,77.04,1,1,1.00,1,10.00,0.000,46.000,0.000000,0.000000,0.000000,62530.515625,0.000000,0.000000,0.000000,10,3,1;4;2;,,894.40;939.46;971.50;,0.017882,-0.125179,40.253933,0.053648,
364,-1,-1,-1,-1,1,2,1,2,894.61,971.70,c,77.09,1,1,1.00,1,10.00,0.000,46.000,0.000000,0.000000,0.000000,62551.925781,0.000000,0.000000,0.000000,0,3,1;4;2;,,894.60;939.61;971.70;,0.017882,-0.125179,40.253933,0.053648,
365,-1,-1,-1,-1,1,2,1,2,894.76,995.90,c,101.14,1,1,1.00,1,10.00,0.000,46.000,0.000000,0.000000,0.000000,72766.656250,0.000000,0.000000,0.000000,10,3,1;3;2;,,894.70;950.90;995.90;,0.017882,-0.125179,40.253933,0.053648,
366,-1,-1,-1,-1,1,2,1,2,894.91,996.50,c,101.59,1,1,1.00,1,10.00,0.000,46.000,0.000000,0.000000,0.000000,72957.914063,0.000000,0.000000,0.000000,10,3,1;3;2;,,894.90;951.50;996.50;,0.017882,-0.125179,40.253933,0.053648,
367,-1,-1,-1,-1,1,2,1,2,895.06,971.90,c,76.84,1,1,1.00,1,10.00,0.000,46.000,0.000000,0.000000,0.000000,62446.238281,0.000000,0.000000,0.000000,0,3,1;4;2;,,895.00;940.06;971.90;,0.017882,-0.125179,40.253933,0.053648,
368,-1,-1,-1,-1,1,2,1,2,895.21,997.10,c,101.89,1,1,1.00,1,10.00,0.000,46.000,0.000000,0.000000,0.000000,73085.640625,0.000000,0.000000,0.000000,10,3,1;3;2;,,895.20;952.10;997.10;,0.017882,-0.125179,40.253933,0.053648,
369,-1,-1,-1,-1,1,2,1,2,895.36,997.70,c,102.34,1,1,1.00,1,10.00,0.000,46.000,0.000000,0.000000,0.000000,73276.945313,0.000000,0.000000,0.000000,10,3,1;3;2;,,895.30;952.70;997.70;,0.017882,-0.125179,40.253933,0.053648,
370,-1,-1,-1,-1,1,2,1,2,895.51,972.10,c,76.59,1,1,1.00,1,10.00,0.000,46.000,0.000000,0.000000,0.000000,62340.500000,0.000000,0.000000,0.000000,10,3,1;4;2;,,895.50;940.51;972.10;,0.017882,-0.125179,40.253933,0.053648,
371,-1,-1,-1,-1,1,2,1,2,895.66,972.30,c,76.64,1,1,1.00,1,10.00,0.000,46.000,0.000000,0.000000,0.000000,62361.910156,0.000000,0.000000,0.000000,5,3,1;4;2;,,895.60;940.66;972.30;,0.017882,-0.125179,40.253933,0.053648,
372,-1,-1,-1,-1,1,2,1,2,895.81,998.30,c,102.49,1,1,1.00,1,10.00,0.000,46.000,0.000000,0.000000,0.000000,73341.109375,0.000000,0.000000,0.000000,0,3,1;3;2;,,895.80;953.30;998.30;,0.017882,-0.125179,40.253933,0.053648,
373,-1,-1,-1,-1,1,2,1,2,895.96,998.90,c,102.94,1,1,1.00,1,10.00,0.000,46.000,0.000000,0.000000,0.000000,73532.421875,0.000000,0.000000,0.000000,0,3,1;3;2;,,895.90;953.90;998.90;,0.017882,-0.125179,40.253933,0.053648,
374,-1,-1,-1,-1,1,2,1,2,896.11,972.50,c,76.39,1,1,1.00,1,10.00,0.000,46.000,0.000000,0.000000,0.000000,62256.195313,0.000000,0.000000,0.000000,5,3,1;4;2;,,896.10;941.11;972.50;,0.017882,-0.125179,40.253933,0.053648,
375,-1,-1,-1,-1,1,2,1,2,896.26,972.70,c,76.44,1,1,1.00,1,10.00,0.000,46.000,0.000000,0.000000,0.000000,62277.609375,0.000000,0.000000,0.000000,15,3,1;4;2;,,896.20;941.26;972.70;,0.017882,-0.125179,40.253933,0.053648,
376,-1,-1,-1,-1,1,2,1,2,896.41,999.50,c,103.09,1,1,1.00,1,10.00,0.000,46.000,0.000000,0.000000,0.000000,73596.578125,0.000000,0.000000,0.000000,5,3,1;3;2;,,896.40;954.50;999.50;,0.017882,-0.125179,40.253933,0.053648,
377,-1,-1,-1,-1,1,2,1,2,896.56,1000.10,c,103.54,1,1,1.00,1,10.00,0.000,46.000,0.000000,0.000000,0.000000,73787.859375,0.000000,0.000000,0.000000,10,3,1;3;2;,,896.50;955.10;1000.10;,0.017882,-0.125179,40.253933,0.053648,
378,-1,-1,-1,-1,1,2,1,2,896.71,972.90,c,76.19,1,1,1.00,1,10.00,0.000,46.000,0.000000,0.000000,0.000000,62171.894531,0.000000,0.000000,0.000000,15,3,1;4;2;,,896.70;941.71;972.90;,0.017882,-0.125179,40.253933,0.053648,
379,-1,-1,-1,-1,1,2,1,2,896.86,973.10,c,76.24,1,1,1.00,1,10.00,0.000,46.000,0.000000,0.000000,0.000000,62193.281250,0.000000,0.000000,0.000000,15,3,1;4;2;,,896.80;941.86;973.10;,0.017882,-0.125179,40.253933,0.053648,
380,-1,-1,-1,-1,1,2,1,2,897.01,1000.70,c,103.69,1,1,1.00,1,10.00,0.000,46.000,0.000000,0.000000,0.000000,73852.046875,0.000000,0.000000,0.000000,0,3,1;3;2;,,897.00;955.70;1000.70;,0.017882,-0.125179,40.253933,0.053648,
381,-1,-1,-1,-1,1,2,1,2,897.16,1001.30,c,104.14,1,1,1.00,1,10.00,0.000,46.000,0.000000,0.000000,0.000000,74043.335938,0.000000,0.000000,0.000000,0,3,1;3;2;,,897.10;956.30;1001.30;,0.017882,-0.125179,40.253933,0.053648,
382,-1,-1,-1,-1,1,2,1,2,897.31,973.30,c,75.99,1,1,1.00,1,10.00,0.000,46.000,0.000000,0.000000,0.000000,62087.570313,0.000000,0.000000,0.000000,5,3,1;4;2;,,897.30;942.31;973.30;,0.017882,-0.125179,40.253933,0.053648,
383,-1,-1,-1,-1,1,2,1,2,897.46,1001.90,c,104.44,1,1,1.00,1,10.00,0.000,46.000,0.000000,0.000000,0.000000,74171.078125,0.000000,0.000000,0.000000,0,3,1;3;2;,,897.40;956.90;1001.90;,0.017882,-0.125179,40.253933,0.053648,
384,-1,-1,-1,-1,1,2,1,2,897.61,1002.50,c,104.89,1,1,1.00,1,10.00,0.000,46.000,0.000000,0.000000,0.000000,74362.367188,0.000000,0.000000,0.000000,15,3,1;3;2;,,897.60;957.50;1002.50;,0.017882,-0.125179,40.253933,0.053648,
385,-1,-1,-1,-1,1,2,1,2,897.76,973.50,c,75.74,1,1,1.00,1,10.00,0.000,46.000,0.000000,0.000000,0.000000,61981.878906,0.000000,0.000000,0.000000,0,3,1;4;2;,,897.70;942.76;973.50;,0.017882,-0.125179,40.253933,0.053648,
386,-1,-1,-1,-1,1,2,1,2,897.91,973.70,c,75.79,1,1,1.00,1,10.00,0.000,46.000,0.000000,0.000000,0.000000,62003.292969,0.000000,0.000000,0.000000,10,3,1;4;2;,,897.90;942.91;973.70;,0.017882,-0.125179,40.253933,0.053648,
387,-1,-1,-1,-1,1,2,1,2,898.05,1003.10,c,105.05,1,1,1.00,1,10.00,0.000,46.000,0.000000,0.000000,0.000000,74426.531250,0.000000,0.000000,0.000000,0,3,1;3;2;,,898.00;958.10;1003.10;,0.017882,-0.125179,40.253933,0.053648,
388,-1,-1,-1,-1,1,2,1,2,898.20,1003.70,c,105.50,1,1,1.00,1,10.00,0.000,46.000,0.000000,0.000000,0.000000,74617.835938,0.000000,0.000000,0.000000,15,3,1;3;2;,,898.20;958.70;1003.70;,0.017882,-0.125179,40.253933,0.053648,
389,-1,-1,-1,-1,1,2,1,2,898.35,973.90,c,75.55,1,1,1.00,1,10.00,0.000,46.000,0.000000,0.000000,0.000000,61897.578125,0.000000,0.000000,0.000000,5,3,1;4;2;,,898.30;943.35;973.90;,0.017882,-0.125179,40.253933,0.053648,
390,-1,-1,-1,-1,1,2,1,2,898.50,974.10,c,75.60,1,1,1.00,1,10.00,0.000,46.000,0.000000,0.000000,0.000000,61918.964844,0.000000,0.000000,0.000000,15,3,1;4;2;,,898.50;943.50;974.10;,0.017882,-0.125179,40.253933,0.053648,
391,-1,-1,-1,-1,1,2,1,2,898.65,1004.30,c,105.65,1,1,1.00,1,10.00,0.000,46.000,0.000000,0.000000,0.000000,74682.000000,0.000000,0.000000,0.000000,10,3,1;3;2;,,898.60;959.30;1004.30;,0.017882,-0.125179,40.253933,0.053648,
392,-1,-1,-1,-1,1,2,1,2,898.80,1004.90,c,106.10,1,1,1.00,1,10.00,0.000,46.000,0.000000,0.000000,0.000000,74873.312500,0.000000,0.000000,0.000000,10,3,1;3;2;,,898.80;959.90;1004.90;,0.017882,-0.125179,40.253933,0.053648,
393,-1,-1,-1,-1,1,2,1,2,898.95,974.30,c,75.35,1,1,1.00,1,10.00,0.000,46.000,0.000000,0.000000,0.000000,61813.250000,0.000000,0.000000,0.000000,15,3,1;4;2;,,898.90;943.95;974.30;,0.017882,-0.125179,40.253933,0.053648,
394,-1,-1,-1,-1,1,2,1,2,899.10,974.50,c,75.40,1,1,1.00,1,10.00,0.000,46.000,0.000000,0.000000,0.000000,61834.664063,0.000000,0.000000,0.000000,15,3,1;4;2;,,899.10;944.10;974.50;,0.017882,-0.125179,40.253933,0.053648,
395,-1,-1,-1,-1,1,2,1,2,899.25,1005.10,c,105.85,1,1,1.00,1,10.00,0.000,46.000,0.000000,0.000000,0.000000,74767.570313,0.000000,0.000000,0.000000,5,3,1;3;2;,,899.20;960.10;1005.10;,0.017882,-0.125179,40.253933,0.053648,
396,-1,-1,-1,-1,1,2,1,2,899.40,1005.30,c,105.90,1,1,1.00,1,10.00,0.000,46.000,0.000000,0.000000,0.000000,74788.984375,0.000000,0.000000,0.000000,15,3,1;3;2;,,899.40;960.30;1005.30;,0.017882,-0.125179,40.253933,0.053648,
397,-1,-1,-1,-1,1,2,1,2,899.55,974.70,c,75.15,1,1,1.00,1,10.00,0.000,46.000,0.000000,0.000000,0.000000,61728.949219,0.000000,0.000000,0.000000,5,3,1;4;2;,,899.50;944.55;974.70;,0.017882,-0.125179,40.253933,0.053648,
398,-1,-1,-1,-1,1,2,1,2,899.70,974.90,c,75.20,1,1,1.00,1,10.00,0.000,46.000,0.000000,0.000000,0.000000,61750.363281,0.000000,0.000000,0.000000,0,3,1;4;2;,,899.70;944.70;974.90;,0.017882,-0.125179,40.253933,0.053648,
399,-1,-1,-1,-1,1,2,1,2,899.85,1005.50,c,105.65,1,1,1.00,1,10.00,0.000,46.000,0.000000,0.000000,0.000000,74683.265625,0.000000,0.000000,0.000000,0,3,1;3;2;,,899.80;960.50;1005.50;,0.017882,-0.125179,40.253933,0.053648,
