zone_id,production,attraction,ODME_ratio,geometry
1,0,0,1.0000,"<Polygon><outerBoundaryIs><LinearRing><coordinates></coordinates></LinearRing></outerBoundaryIs></Polygon>"
2,0,0,1.0000,"<Polygon><outerBoundaryIs><LinearRing><coordinates></coordinates></LinearRing></outerBoundaryIs></Polygon>"
38,0,0,1.0000,"<Polygon><outerBoundaryIs><LinearRing><coordinates></coordinates></LinearRing></outerBoundaryIs></Polygon>"
39,0,0,1.0000,"<Polygon><outerBoundaryIs><LinearRing><coordinates></coordinates></LinearRing></outerBoundaryIs></Polygon>"
40,0,0,1.0000,"<Polygon><outerBoundaryIs><LinearRing><coordinates></coordinates></LinearRing></outerBoundaryIs></Polygon>"
41,0,0,1.0000,"<Polygon><outerBoundaryIs><LinearRing><coordinates></coordinates></LinearRing></outerBoundaryIs></Polygon>"
